cycle_index,gait_percent,segment_id,walk_dt_ms,walk_exec_ms,walk_out,walk_state,walk_tilt_forward_deg,walk_pos_rad,walk_vel_rad_s,walk_tq_nm,walk_temp_c,walk_vbus_v,walk_err_code,walk_fb_age_ms,walk_typical_stride_ms,walk_effective_step_count,walk_tilt_accel_deg,walk_acc_x,walk_acc_y,walk_acc_z,walk_gyr_x,walk_gyr_y,walk_gyr_z,cfg_gait_model,cfg_gait_mode,cfg_side_is_left,cfg_assist_pct,ankle_joint_angle_deg,leg_tilt_angle_deg,foot_tilt_angle_deg
6,0.0,1,20.0,0.0,0,1,-5.49,0.147,-2.697,-5.058,35.0,27.93,0,19.0,0.0,6.0,1.1,0.02,-0.99,-0.12,-14.44,-8.79,1.73,0,1,0,100.0,-8.422479588423101,-5.49,-2.932479588423101
6,1.0,1,20.0,0.0,0,1,-5.7287,0.10234,-4.44259,-4.10474,35.0,27.93,0,19.0,0.0,6.0,1.0923,0.02,-1.0054,-0.1123,-12.2686,-9.944999999999999,1.6145,0,1,0,100.0,-5.863650075368845,-5.7287,-0.1349500753688453
6,2.0,1,20.0,0.0,0,1,-5.8504,0.03446,1.8275800000000002,-3.1323999999999996,35.0,27.9678,0,17.38,0.0,6.0,1.0324,0.0182,-1.0118,-0.11,-11.1448,-10.509599999999999,2.1668000000000003,0,1,0,100.0,-1.9744125620208166,-5.8504,3.875987437979183
6,3.0,1,20.0,0.0,0,1,-5.922266666666666,-0.043310000000000015,11.511870000000002,-2.151933333333333,35.0,28.0217,0,15.07,0.0,6.0,0.9502666666666667,0.015633333333333332,-1.0143666666666666,-0.11,-10.4672,-10.822733333333332,3.0035333333333334,0,1,0,100.0,2.481480210711596,-5.922266666666666,8.403746877378262
6,4.0,1,20.0,0.0,0,1,-5.994133333333333,-0.12108000000000001,21.196160000000003,-1.1714666666666667,35.0,28.0756,0,12.76,0.0,6.0,0.8681333333333334,0.013066666666666667,-1.0169333333333332,-0.11,-9.7896,-11.135866666666667,3.8402666666666665,0,1,0,100.0,6.937372983444008,-5.994133333333333,12.931506316777341
6,5.0,1,20.0,0.0,0,1,-6.066,-0.19885,30.88045,-0.19100000000000006,35.0,28.1295,0,10.450000000000001,0.0,6.0,0.786,0.0105,-1.0195,-0.11,-9.112,-11.449,4.677,0,1,0,100.0,11.39326575617642,-6.066,17.45926575617642
6,6.0,1,20.0,0.6899999999999998,0,1,-6.622,-0.25980000000000003,2.2746799999999996,-0.0,35.0,28.1524,0,10.69,0.0,6.0,0.15419999999999998,0.0,-1.03,-0.1131,-4.3868,-13.9859,17.1335,0,1,0,100.0,14.88544351749879,-6.622,21.50744351749879
6,7.0,1,20.0,0.30500000000000005,0,1,-6.699,-0.2521,0.6299600000000003,-0.0,35.0,28.1678,0,10.305,0.0,6.0,0.08490000000000002,0.0,-1.03,-0.11695,-3.7246,-14.32855,19.00075,0,1,0,100.0,14.444266015248052,-6.699,21.143266015248052
6,8.0,1,20.0,0.16000000000000014,0,1,-6.7871999999999995,-0.24744,-0.5638799999999999,-0.0,35.0,28.18,0,10.16,0.0,6.0,-0.00040000000000002734,0.0,-1.03,-0.1232,-2.928,-14.6992,21.046400000000002,0,1,0,100.0,14.177267682717089,-6.7871999999999995,20.96446768271709
6,9.0,1,20.0,0.9299999999999997,0,1,-6.9181,-0.25437,-0.038740000000000135,-0.0,35.0,28.18,0,10.93,0.0,6.0,-0.14669999999999994,0.0,-1.03,-0.1386,-1.6190000000000004,-15.1766,23.772199999999998,0,1,0,100.0,14.574327434742749,-6.9181,21.492427434742748
6,10.0,1,20.0,1.0,0,1,-7.1425,-0.24455,0.51305,-0.0,35.0,28.18,0,11.0,0.0,6.0,-0.5425,-0.01,-1.03,-0.1535,0.487,-15.4685,26.1095,0,1,0,100.0,14.011682879924281,-7.1425,21.15418287992428
6,11.0,1,20.0,1.0,0,1,-7.2002500000000005,-0.241855,0.545005,-0.0,35.0,28.18,0,11.0,0.0,6.0,-0.67725,-0.01,-1.03,-0.15735,0.9567000000000001,-15.43385,26.25195,0,1,0,100.0,13.857270754136524,-7.2002500000000005,21.057520754136526
6,12.0,1,20.0,0.12000000000000029,0,1,-7.4079999999999995,-0.23152,0.23779999999999996,-0.0,35.0,28.18,0,10.120000000000001,0.0,6.0,-1.2936,-0.021200000000000004,-1.03,-0.1612,2.0712,-14.8924,25.1548,0,1,0,100.0,13.26511887286882,-7.4079999999999995,20.67311887286882
6,13.0,1,20.0,0.5050000000000004,0,1,-7.46575,-0.22998000000000002,0.17619999999999994,-0.0,35.0,28.18,0,10.505,0.0,6.0,-1.4976500000000001,-0.025050000000000003,-1.03,-0.16505,2.1713,-14.61135,24.400199999999998,0,1,0,100.0,13.176883372418674,-7.46575,20.642633372418672
6,14.0,1,20.0,0.8899999999999999,0,1,-7.5235,-0.22844,0.11460000000000002,-0.0,35.0,28.18,0,10.89,0.0,6.0,-1.7017,-0.0289,-1.03,-0.16890000000000002,2.2714,-14.3303,23.6456,0,1,0,100.0,13.088647871968526,-7.5235,20.612147871968524
6,15.0,1,20.0,1.0,0,1,-7.628,-0.228,0.046400000000000004,-0.0,35.0,28.18,0,11.0,0.0,6.0,-2.09,-0.0355,-1.03,-0.17,2.223,-13.722,22.0275,0,1,0,100.0,13.06343772898277,-7.628,20.69143772898277
6,16.0,1,20.0,1.0,0,1,-7.9276,-0.228,-0.005640000000000017,-0.0,35.0,28.18,0,11.0,0.0,6.0,-3.2144000000000004,-0.05640000000000001,-1.0268,-0.17320000000000002,1.6623999999999999,-11.8516,17.2888,0,1,0,100.0,13.06343772898277,-7.9276,20.991037728982768
6,17.0,1,20.0,1.0,0,1,-8.059000000000001,-0.228,-0.03213499999999994,-0.0,35.0,28.18,0,11.0,0.0,6.0,-3.70195,-0.07045000000000001,-1.02,-0.18,1.35155,-11.040949999999999,15.37245,0,1,0,100.0,13.06343772898277,-8.059000000000001,21.12243772898277
6,18.0,1,20.0,1.0,0,1,-8.136000000000001,-0.228,0.04370999999999995,-0.0,35.0,28.18,0,11.0,0.0,6.0,-3.9753,-0.0743,-1.02,-0.18,1.1937000000000002,-10.6213,14.452300000000001,0,1,0,100.0,13.06343772898277,-8.136000000000001,21.199437728982772
6,19.0,1,20.0,1.0,0,1,-8.213000000000001,-0.228,0.11955500000000013,-0.0,35.0,28.18,0,11.0,0.0,6.0,-4.2486500000000005,-0.07815000000000001,-1.02,-0.18,1.0358499999999997,-10.201649999999999,13.532149999999998,0,1,0,100.0,13.06343772898277,-8.213000000000001,21.27643772898277
6,20.0,1,20.0,0.0,0,1,-8.52,-0.2166,0.7666,-0.0,35.0,28.18,0,10.0,0.0,6.0,-5.45,-0.094,-1.01,-0.184,0.45399999999999996,-8.63,10.148,0,1,0,100.0,12.410265842533631,-8.52,20.93026584253363
6,21.0,1,20.0,0.0,0,1,-8.65785,-0.20897999999999997,0.9289149999999998,-0.0,35.0,28.18,0,10.0,0.0,6.0,-6.0005500000000005,-0.10170000000000003,-1.00915,-0.19,0.22534999999999974,-8.021999999999998,8.746399999999998,0,1,0,100.0,11.973672002643942,-8.65785,20.63152200264394
6,22.0,1,20.0,0.0,0,1,-8.7387,-0.20435999999999999,0.8515299999999999,-0.0,35.0,28.18,0,10.0,0.0,6.0,-6.3201,-0.10940000000000001,-1.0053,-0.19,0.11369999999999993,-7.7139999999999995,7.914799999999999,0,1,0,100.0,11.708965501293502,-8.7387,20.4476655012935
6,23.0,1,20.0,0.0,0,1,-8.81955,-0.19974,0.7741450000000001,-0.0,35.0,28.18,0,10.0,0.0,6.0,-6.63965,-0.1171,-1.00145,-0.19,0.0020500000000000995,-7.406000000000001,7.0832,0,1,0,100.0,11.444258999943063,-8.81955,20.263808999943063
6,24.0,1,20.0,0.48000000000000115,0,1,-8.946,-0.19175999999999999,0.8170000000000002,-0.0,35.0,28.160800000000002,0,10.48,0.0,6.0,-7.1488000000000005,-0.12480000000000001,-1.0,-0.19480000000000003,-0.14560000000000026,-6.958799999999999,5.622799999999997,0,1,0,100.0,10.987038679428666,-8.946,19.933038679428666
6,25.0,1,20.0,0.75,0,1,-9.0975,-0.18275,0.7785,-0.0,35.0,28.14,0,10.75,0.0,6.0,-7.7525,-0.1325,-0.9975,-0.2,-0.28750000000000003,-6.4475,3.7275,0,1,0,100.0,10.470803706015793,-9.0975,19.568303706015794
6,26.0,1,20.0,0.0,0,1,-9.2436,-0.17587999999999998,0.43128000000000016,-0.0,35.0,28.14,0,10.0,0.0,6.0,-8.312600000000002,-0.14040000000000005,-0.99,-0.2,-0.3689999999999999,-5.978999999999999,1.7159999999999953,0,1,0,100.0,10.077181700760917,-9.2436,19.320781700760918
6,27.0,1,20.0,0.0,0,1,-9.3822,-0.17126,0.5190600000000001,-0.0,35.0,28.14,0,10.0,0.0,6.0,-8.7977,-0.15580000000000002,-0.99,-0.2,-0.33049999999999996,-5.5555,-0.36300000000000165,0,1,0,100.0,9.812475199410478,-9.3822,19.194675199410476
6,28.0,1,20.0,0.0,0,1,-9.674,-0.15752,0.4665200000000001,-0.0,35.0,28.18,0,10.0,0.0,6.0,-9.6528,-0.1656,-0.98,-0.21,0.09159999999999978,-4.7516,-5.074799999999999,0,1,0,100.0,9.025231188900728,-9.674,18.699231188900725
6,29.0,1,20.0,0.0,0,1,-9.76145,-0.15301,0.4116300000000001,-0.0,35.0,28.18,0,10.0,0.0,6.0,-9.8629,-0.17,-0.98,-0.21,0.32920000000000027,-4.51895,-6.602700000000001,0,1,0,100.0,8.766827223296726,-9.76145,18.528277223296726
6,30.0,1,20.0,0.0,0,1,-9.811499999999999,-0.1507,0.4971,-0.0,35.0,28.18,0,10.0,0.0,6.0,-9.963000000000001,-0.17,-0.98,-0.21,0.514,-4.3765,-7.519,0,1,0,100.0,8.634473972621507,-9.811499999999999,18.445973972621506
6,31.0,1,20.0,0.0,0,1,-9.86155,-0.14839,0.5825700000000001,-0.0,35.0,28.18,0,10.0,0.0,6.0,-10.0631,-0.17,-0.98,-0.21,0.6988000000000004,-4.23405,-8.435300000000002,0,1,0,100.0,8.502120721946286,-9.86155,18.363670721946285
6,32.0,1,20.0,0.0,0,1,-10.015600000000001,-0.13544,0.5971199999999999,-0.0,35.0,28.14,0,10.0,0.0,6.0,-10.2428,-0.18,-0.98,-0.22,1.5112,-3.7876,-11.410400000000001,0,1,0,100.0,7.7601403772518704,-10.015600000000001,17.77574037725187
6,33.0,1,20.0,0.0,0,1,-10.0464,-0.13236,0.46853000000000006,-0.0,35.0,28.14,0,10.0,0.0,6.0,-10.2582,-0.18,-0.98,-0.22,1.7652999999999999,-3.6644,-12.168849999999999,0,1,0,100.0,7.583669376351577,-10.0464,17.630069376351578
6,34.0,1,20.0,0.0,0,1,-10.082600000000001,-0.12874,0.39034000000000013,-0.0,35.0,28.1472,0,10.0,0.0,6.0,-10.261,-0.18,-0.98,-0.22,2.0914000000000006,-3.5141999999999993,-13.061400000000003,0,1,0,100.0,7.376258654514218,-10.082600000000001,17.45885865451422
6,35.0,1,20.0,0.0,0,1,-10.1365,-0.12335,0.47735,-0.0,35.0,28.178,0,10.0,0.0,6.0,-10.2225,-0.18,-0.98,-0.22,2.6534999999999997,-3.2754999999999996,-14.3935,0,1,0,100.0,7.067434402938704,-10.1365,17.203934402938703
6,36.0,1,20.0,0.0,0,1,-10.1616,-0.11724000000000001,0.5938799999999999,-0.0,35.0,28.18,0,10.0,0.0,6.0,-10.1336,-0.1728,-0.9728,-0.22,3.265999999999999,-3.0368000000000004,-15.5816,0,1,0,100.0,6.7173571901137725,-10.1616,16.878957190113773
6,37.0,1,20.0,0.0,0,1,-10.17,-0.11009999999999996,0.5644799999999995,-0.0,35.0,28.18,0,10.0,0.0,6.0,-10.0069,-0.17,-0.97,-0.22,3.9114000000000027,-2.798099999999999,-16.676400000000005,0,1,0,100.0,6.308265324390361,-10.17,16.47826532439036
6,38.0,1,20.0,0.0,0,1,-10.1648,-0.10291999999999998,0.5059000000000001,-0.0,35.0,28.18,0,10.0,0.0,6.0,-9.8476,-0.17,-0.97,-0.22,4.578800000000002,-2.5541999999999994,-17.689800000000005,0,1,0,100.0,5.896881627486431,-10.1648,16.06168162748643
6,39.0,1,20.0,0.0,0,1,-10.0876,-0.08572999999999999,0.7537799999999997,-0.0,35.0,28.18,0,10.0,0.0,6.0,-9.3701,-0.16,-0.98,-0.22,6.124300000000001,-1.9803999999999997,-19.7515,0,1,0,100.0,4.911967177656547,-10.0876,14.999567177656548
6,40.0,1,20.0,0.0,0,1,-10.026,-0.0788,0.5428,-0.0,35.0,28.18,0,10.0,0.0,6.0,-9.116000000000001,-0.16,-0.98,-0.22,6.748,-1.734,-20.56,0,1,0,100.0,4.514907425630887,-10.026,14.540907425630888
6,41.0,1,20.0,0.0,0,1,-9.9758,-0.075005,0.46862000000000004,-0.0,35.0,28.18,0,10.0,0.0,6.0,-8.9474,-0.15715,-0.98,-0.22,7.1266,-1.5788000000000002,-21.0379,0,1,0,100.0,4.29746994237874,-9.9758,14.27326994237874
6,42.0,1,20.0,0.0,0,1,-9.9296,-0.07230999999999999,0.4424399999999999,-0.0,35.0,28.18,0,10.0,0.0,6.0,-8.8088,-0.1533,-0.98,-0.22,7.419200000000001,-1.4555999999999996,-21.399800000000003,0,1,0,100.0,4.143057816590982,-9.9296,14.072657816590983
6,43.0,1,20.0,0.0,0,1,-9.73065,-0.06361499999999999,0.44436500000000007,-0.0,35.0,28.1778,0,10.0,0.0,6.0,-8.2769,-0.14,-0.98,-0.21,8.428500000000001,-1.0367999999999997,-22.546300000000002,0,1,0,100.0,3.6448710137247313,-9.73065,13.375521013724732
6,44.0,1,20.0,0.0,0,1,-9.6652,-0.060919999999999995,0.46092,-0.0,35.0,28.1624,0,10.0,0.0,6.0,-8.1152,-0.14,-0.98,-0.21,8.698,-0.9443999999999999,-22.800400000000003,0,1,0,100.0,3.490458887936975,-9.6652,13.155658887936976
6,45.0,1,20.0,0.0,0,1,-9.59975,-0.058225,0.477475,-0.0,35.0,28.147000000000002,0,10.0,0.0,6.0,-7.9535,-0.14,-0.98,-0.21,8.9675,-0.8520000000000001,-23.0545,0,1,0,100.0,3.336046762149218,-9.59975,12.935796762149218
6,46.0,1,20.0,0.0,0,1,-9.4818,-0.05448000000000001,0.4224200000000002,-0.0,35.0,28.14,0,10.0,0.0,6.0,-7.695200000000001,-0.13580000000000003,-0.98,-0.21,9.3798,-0.7470000000000002,-23.3842,0,1,0,100.0,3.1214740678727253,-9.4818,12.603274067872725
6,47.0,1,20.0,0.0,0,1,-9.0806,-0.04523999999999999,0.2920299999999998,-0.0,35.0,28.18,0,10.0,0.0,6.0,-6.902599999999999,-0.11809999999999997,-0.9819,-0.2,10.601100000000002,-0.6076000000000001,-24.0561,0,1,0,100.0,2.5920610651718436,-9.0806,11.672661065171845
6,48.0,1,20.0,0.0,0,1,-8.880399999999998,-0.042159999999999996,0.24351999999999985,-0.0,35.0,28.18,0,10.0,0.0,6.0,-6.548399999999999,-0.11039999999999997,-0.9896,-0.2,11.132400000000002,-0.6384000000000001,-24.2024,0,1,0,100.0,2.4155900642715507,-8.880399999999998,11.29599006427155
6,49.0,1,20.0,0.0,0,1,-8.7678,-0.03981,0.3176500000000001,-0.0,35.0,28.18,0,10.0,0.0,6.0,-6.36575,-0.11,-0.99,-0.2,11.4374,-0.6838000000000001,-24.2465,0,1,0,100.0,2.2809449824158072,-8.7678,11.048744982415807
6,50.0,1,20.0,0.0,0,1,-8.66,-0.0375,0.3985,-0.0,35.0,28.18,0,10.0,0.0,6.0,-6.1925,-0.11,-0.99,-0.2,11.73,-0.73,-24.285,0,1,0,100.0,2.148591731740587,-8.66,10.808591731740588
6,51.0,1,20.0,0.0,0,1,-8.2036,-0.027650000000000008,0.5678899999999998,0.04103999999999983,35.0,28.1692,0,12.159999999999991,0.0,6.0,-5.5574,-0.09730000000000001,-0.99,-0.19730000000000003,13.121599999999999,-1.0436999999999996,-24.5491,0,1,0,100.0,1.5842283035367266,-8.2036,9.787828303536726
6,52.0,1,20.0,0.0,6,2,-7.962999999999999,-0.023799999999999984,0.72004,0.15053999999999987,35.0,28.14,0,18.0,0.0,6.0,-5.2734,-0.09,-0.9902,-0.19,13.934800000000003,-1.2776000000000007,-24.8028,0,1,0,100.0,1.3636395524113585,-7.962999999999999,9.326639552411358
6,53.0,1,20.0,0.0,6,2,-7.82825,-0.01994999999999999,0.74006,0.12243499999999992,35.0,28.14,0,18.0,0.0,6.0,-5.14635,-0.09,-0.99405,-0.19,14.412200000000002,-1.4239000000000004,-25.0492,0,1,0,100.0,1.1430508012859917,-7.82825,8.971300801285992
6,54.0,1,20.0,0.0,6,2,-7.6935,-0.016099999999999996,0.7600800000000001,0.09432999999999996,35.0,28.14,0,18.0,0.0,6.0,-5.0193,-0.09,-0.9979,-0.19,14.889600000000002,-1.5702000000000003,-25.2956,0,1,0,100.0,0.9224620501606252,-7.6935,8.615962050160626
6,55.0,1,20.0,0.0,6,2,-7.494,-0.0112,0.65025,0.15214999999999998,35.0,28.14,0,18.0,0.0,6.0,-4.838,-0.0865,-1.0,-0.19,15.619,-1.762,-25.7625,0,1,0,100.0,0.641712730546522,-7.494,8.135712730546523
6,56.0,1,20.0,0.0,6,2,-7.2156,-0.005520000000000005,0.3945600000000003,0.28356000000000003,35.0,28.14,0,18.0,0.0,6.0,-4.5928,-0.08,-1.0,-0.18880000000000002,16.649599999999996,-1.9771999999999998,-26.523999999999997,0,1,0,100.0,0.3162727029122147,-7.2156,7.531872702912215
6,57.0,1,20.0,0.0,6,2,-6.930699999999998,-0.0024399999999999865,0.19281999999999908,0.25506999999999985,35.0,28.14,0,18.0,0.0,6.0,-4.354099999999999,-0.08,-1.0,-0.18109999999999996,17.673700000000004,-2.0234,-27.448000000000004,0,1,0,100.0,0.1398017020119201,-6.930699999999998,7.070501702011918
6,58.0,1,20.0,0.0,6,2,-6.632599999999999,-0.0013399999999999977,0.09007999999999974,0.10513999999999948,35.0,28.14,0,18.0,0.0,6.0,-4.121999999999999,-0.07339999999999998,-1.0066,-0.18,18.612000000000002,-1.765999999999999,-28.517200000000003,0,1,0,100.0,0.07677634454753018,-6.632599999999999,6.709376344547529
6,59.0,1,20.0,0.21500000000000058,6,2,-6.411849999999999,-0.001,0.03694999999999996,-0.018375000000000127,35.0,28.14,0,18.215,0.0,6.0,-3.9533499999999995,-0.07,-1.01215,-0.18,19.22425,-1.4106999999999994,-29.348300000000002,0,1,0,100.0,0.057295779513082325,-6.411849999999999,6.469145779513082
6,60.0,1,20.0,0.6000000000000001,6,2,-6.254,-0.001,0.010000000000000002,-0.105,35.0,28.14,0,18.6,0.0,6.0,-3.8339999999999996,-0.07,-1.016,-0.18,19.59,-1.0179999999999998,-29.972,0,1,0,100.0,0.057295779513082325,-6.254,6.311295779513082
6,61.0,1,20.0,0.9849999999999994,6,2,-6.09615,-0.001,-0.016949999999999955,-0.19162499999999988,35.0,28.14,0,18.985,0.0,6.0,-3.7146500000000002,-0.07,-1.01985,-0.18,19.95575,-0.6253000000000004,-30.5957,0,1,0,100.0,0.057295779513082325,-6.09615,6.153445779513082
6,62.0,1,20.0,0.7400000000000034,6,2,-5.351799999999999,-0.0044800000000000065,-0.08457999999999989,-0.6709200000000008,35.0,28.14,0,18.740000000000002,0.0,6.0,-3.3089999999999993,-0.06,-1.0274,-0.18,20.4804,3.3464000000000094,-33.482200000000006,0,1,0,100.0,0.2566850922186092,-5.351799999999999,5.608485092218608
6,63.0,1,20.0,0.7449999999999989,6,2,-4.6727,-0.006,0.012674999999999872,-0.6630299999999999,35.0,28.14,0,18.744999999999997,0.0,6.0,-3.6814500000000008,-0.06510000000000002,-1.03255,-0.18255000000000002,19.2167,8.754300000000004,-34.4317,0,1,0,100.0,0.34377467707849396,-4.6727,5.016474677078493
6,64.0,1,20.0,0.3599999999999994,6,2,-4.4956,-0.006,-0.03160000000000006,-0.62684,35.0,28.14,0,18.36,0.0,6.0,-3.9856000000000003,-0.07280000000000002,-1.0364,-0.1864,18.5776,10.240400000000003,-34.1776,0,1,0,100.0,0.34377467707849396,-4.4956,4.839374677078494
6,65.0,1,20.0,0.0,6,2,-4.3065,-0.00595,-0.07204999999999999,-0.59595,35.0,28.14,0,18.0,0.0,6.0,-4.3435,-0.081,-1.04,-0.19,17.864,11.7885,-33.820499999999996,0,1,0,100.0,0.34090988810283984,-4.3065,4.64740988810284
6,66.0,1,20.0,0.0,6,2,-3.9446000000000003,-0.0051800000000000014,-0.05742000000000002,-0.64138,35.0,28.14,0,18.0,0.0,6.0,-5.475399999999999,-0.09639999999999999,-1.04,-0.19,16.077600000000004,14.229399999999996,-31.980200000000004,0,1,0,100.0,0.29679213787776654,-3.9446000000000003,4.241392137877767
6,67.0,1,20.0,0.2949999999999989,6,2,-3.7154500000000006,-0.005,-0.03836500000000006,-0.644625,35.0,28.14,0,18.294999999999998,0.0,6.0,-6.347699999999998,-0.11179999999999997,-1.04,-0.19294999999999998,14.872350000000003,15.28085,-30.316900000000004,0,1,0,100.0,0.2864788975654116,-3.7154500000000006,4.001928897565413
6,68.0,1,20.0,0.6800000000000012,6,2,-3.5267999999999997,-0.005,-0.017959999999999938,-0.635,35.0,28.14,0,18.68,0.0,6.0,-7.140800000000002,-0.12720000000000006,-1.04,-0.19680000000000003,13.844399999999997,15.908400000000002,-28.707599999999996,0,1,0,100.0,0.2864788975654116,-3.5267999999999997,3.8132788975654113
6,69.0,1,20.0,1.0,6,2,-2.8162999999999965,-0.006,0.011460000000000288,-0.6384600000000002,35.0,28.14,0,19.0,0.0,6.0,-10.542400000000017,-0.19650000000000034,-1.0413000000000001,-0.21130000000000007,9.886799999999983,15.711499999999985,-20.769499999999955,0,1,0,100.0,0.34377467707849396,-2.8162999999999965,3.1600746770784904
6,70.0,1,20.0,1.0,6,2,-2.439,-0.006,0.043800000000000006,-0.6708000000000001,35.0,28.14,0,19.0,0.0,6.0,-12.452,-0.235,-1.049,-0.219,7.854,13.825,-15.495000000000001,0,1,0,100.0,0.34377467707849396,-2.439,2.782774677078494
6,71.0,1,20.0,1.0,1,5,-2.068399999999998,-0.006,-0.03307000000000054,-0.67433,35.0,28.14,0,19.0,0.0,6.670000000000004,-14.21420000000001,-0.2668000000000002,-1.05,-0.22,6.008799999999989,10.79949999999998,-9.784999999999966,0,1,0,100.0,0.34377467707849396,-2.068399999999998,2.4121746770784918
6,72.0,1,20.0,0.0,1,5,-1.3554000000000004,0.0019199999999999586,0.7205199999999963,-0.9293599999999987,35.0,28.048000000000002,0,19.0,0.0,7.0,-17.0638,-0.32439999999999997,-1.05,-0.22,2.9566000000000017,2.8596000000000066,1.6469999999999922,0,1,0,100.0,-0.11000789666511569,-1.3554000000000004,1.2453921033348847
6,73.0,1,20.0,0.0,1,6,-1.1898499999999994,0.01578000000000004,1.9971800000000037,-1.3867400000000014,35.0,28.0095,0,19.0,0.0,7.0,-17.560450000000003,-0.33210000000000006,-1.05,-0.22,2.390649999999998,0.6188999999999933,4.284250000000008,0,1,0,100.0,-0.9041274007164414,-1.1898499999999994,0.28572259928355803
6,74.0,1,20.0,0.0,1,6,-1.0242999999999984,0.02964000000000012,3.2738400000000114,-1.8441200000000042,35.0,27.971,0,19.0,0.0,7.0,-18.057100000000005,-0.3398000000000001,-1.05,-0.22,1.824699999999995,-1.62180000000002,6.921500000000024,0,1,0,100.0,-1.698246904767767,-1.0242999999999984,-0.6739469047677686
6,75.0,1,20.0,0.0,1,6,-0.4,0.1045,2.47375,-2.7235,35.0,27.9075,0,19.0,0.0,7.0,-18.849999999999998,-0.36,-1.0425,-0.22,0.08000000000000003,-10.83,16.84,0,1,0,100.0,-5.9874089591171025,-0.4,-5.587408959117102
6,76.0,1,20.0,0.0,1,6,-0.2766666666666663,0.11954666666666672,2.263813333333333,-2.933333333333334,35.0,27.893066666666666,0,19.0,0.0,7.0,-18.805466666666664,-0.3582666666666666,-1.04,-0.22,-0.28906666666666797,-12.592400000000005,18.874000000000006,0,1,0,100.0,-6.849519454857284,-0.2766666666666663,-6.572852788190618
6,77.0,1,20.0,0.0,1,6,-0.2125000000000002,0.12775999999999998,2.1539600000000005,-3.0552499999999996,35.0,27.8828,0,19.0,0.0,7.0,-18.6951,-0.3557,-1.04,-0.22,-0.5097999999999994,-13.454799999999997,19.990499999999997,0,1,0,100.0,-7.320108790591397,-0.2125000000000002,-7.107608790591397
6,78.0,1,20.0,0.0,1,6,-0.14833333333333315,0.13597333333333336,2.0441066666666665,-3.177166666666667,35.0,27.872533333333333,0,19.0,0.0,7.0,-18.584733333333332,-0.3531333333333333,-1.04,-0.22,-0.730533333333334,-14.317200000000001,21.107000000000003,0,1,0,100.0,-7.790698126325515,-0.14833333333333315,-7.642364792992182
6,79.0,1,20.0,0.0,1,6,-0.08416666666666611,0.14418666666666674,1.9342533333333323,-3.2990833333333343,35.0,27.862266666666667,0,19.0,0.0,7.0,-18.474366666666665,-0.35056666666666664,-1.04,-0.22,-0.9512666666666686,-15.179600000000006,22.22350000000001,0,1,0,100.0,-8.261287462059634,-0.08416666666666611,-8.177120795392968
6,80.0,1,20.0,0.0,1,6,0.18,0.1938,1.2024,-4.3269,35.0,27.748,0,19.0,0.0,7.0,-15.625,-0.288,-1.0270000000000001,-0.233,-3.783,-17.803,30.141,0,1,0,100.0,-11.103922069635354,0.18,-11.283922069635354
6,81.0,1,20.0,0.0,1,6,0.18,0.19996000000000003,1.0784299999999993,-4.443555000000001,35.0,27.732599999999998,0,19.0,0.0,7.0,-14.951249999999996,-0.2725999999999999,-1.02315,-0.23685000000000003,-4.4028500000000035,-17.69135,31.168950000000006,0,1,0,100.0,-11.456864071435943,0.18,-11.636864071435943
6,82.0,1,20.0,0.0,1,6,0.05480000000000041,0.21725999999999998,0.6688000000000002,-4.960839999999999,35.0,27.6844,0,19.0,0.0,7.0,-11.986800000000006,-0.2144000000000001,-1.01,-0.24139999999999998,-7.120999999999995,-16.672800000000002,34.416799999999995,0,1,0,100.0,-12.448081057012264,0.05480000000000041,-12.502881057012264
6,83.0,1,20.0,0.0,1,6,-0.0838000000000004,0.22419000000000003,0.6071999999999999,-5.234960000000001,35.0,27.653599999999997,0,19.0,0.0,7.0,-10.154199999999994,-0.1835999999999999,-1.01,-0.24910000000000002,-8.776500000000006,-15.918199999999997,35.66420000000001,0,1,0,100.0,-12.845140809037927,-0.0838000000000004,-12.761340809037927
6,84.0,1,20.0,0.0,1,6,-0.1884000000000009,0.22738000000000003,0.5387999999999994,-5.2925,35.0,27.6398,0,19.0,0.0,7.0,-9.045799999999991,-0.1629999999999998,-1.0066,-0.2534,-9.745200000000008,-15.500199999999996,36.13640000000001,0,1,0,100.0,-13.02791434568466,-0.1884000000000009,-12.839514345684659
6,85.0,1,20.0,0.0,1,6,-0.28850000000000003,0.230075,0.4695,-5.321375,35.0,27.62825,0,19.0,0.0,7.0,-8.033249999999999,-0.14375,-1.00275,-0.25725,-10.623,-15.12675,36.506,0,1,0,100.0,-13.182326471472415,-0.28850000000000003,-12.893826471472414
6,86.0,1,20.0,0.0,1,6,-0.7351000000000009,0.23877,0.38492999999999994,-5.24366,35.0,27.6233,0,19.0,0.0,7.0,-4.1654999999999935,-0.07449999999999989,-0.9889,-0.26,-13.780900000000004,-13.8798,36.8331,0,1,0,100.0,-13.680513274338667,-0.7351000000000009,-12.945413274338666
6,87.0,1,20.0,0.0,1,6,-0.8929499999999996,0.24146499999999999,0.37068500000000004,-5.24597,35.0,27.63485,0,19.0,0.0,7.0,-3.0297500000000035,-0.055250000000000056,-0.98505,-0.26,-14.624049999999997,-13.564100000000002,36.52895,0,1,0,100.0,-13.834925400126423,-0.8929499999999996,-12.941975400126424
6,88.0,1,20.0,0.0,3,7,-1.0508000000000006,0.24416000000000002,0.3564399999999999,-5.248279999999999,35.0,27.6464,0,19.0,0.0,7.0,-1.8939999999999966,-0.03599999999999994,-0.9812,-0.26,-15.467200000000004,-13.2484,36.2248,0,1,0,100.0,-13.98933752591418,-1.0508000000000006,-12.93853752591418
6,89.0,1,20.0,0.5300000000000068,3,7,-1.3385000000000031,0.24765000000000004,0.2603099999999988,-5.2876900000000004,35.0,27.65,0,19.53000000000001,0.0,7.0,0.03410000000002015,-0.0034999999999996575,-0.9746999999999999,-0.26,-16.779400000000013,-12.747199999999996,35.18129999999999,0,1,0,100.0,-14.18929979641484,-1.3385000000000031,-12.850799796414837
6,90.0,1,20.0,0.0,3,7,-2.219,0.2523,0.0667,-5.5527,35.0,27.62,0,19.0,0.0,7.0,5.05,0.082,-0.957,-0.247,-19.884999999999998,-11.487,30.596,0,1,0,100.0,-14.455725171150672,-2.219,-12.236725171150672
6,91.0,1,20.0,0.0,3,7,-2.609250000000001,0.252965,0.07835499999999944,-5.603764999999999,35.0,27.62105,0,19.0,0.0,7.0,6.948400000000005,0.1114000000000001,-0.9496499999999999,-0.23964999999999997,-20.941650000000003,-11.044599999999999,28.01824999999999,0,1,0,100.0,-14.49382686452687,-2.609250000000001,-11.884576864526869
6,92.0,1,20.0,0.0,3,7,-2.8209999999999993,0.25258,-0.016739999999999724,-5.55718,35.0,27.6326,0,19.0,0.0,7.0,7.810799999999997,0.12679999999999994,-0.9458,-0.2358,-21.3998,-10.875200000000001,26.459000000000003,0,1,0,100.0,-14.471767989414335,-2.8209999999999993,-11.650767989414335
6,93.0,1,20.0,0.0,3,7,-3.0327500000000005,0.252195,-0.11183500000000028,-5.5105949999999995,35.0,27.64415,0,19.0,0.0,7.0,8.673200000000001,0.14220000000000005,-0.94195,-0.23195,-21.857950000000002,-10.705799999999998,24.899749999999994,0,1,0,100.0,-14.449709114301797,-3.0327500000000005,-11.416959114301797
6,94.0,1,20.0,0.38000000000000683,3,7,-3.899000000000004,0.24671999999999997,-0.31238000000000243,-5.184379999999998,35.0,27.716600000000003,0,19.380000000000006,0.0,7.0,11.458200000000009,0.18760000000000013,-0.93,-0.21619999999999992,-23.303600000000007,-10.571200000000003,17.93579999999997,0,1,0,100.0,-14.136014721467669,-3.899000000000004,-10.237014721467665
6,95.0,1,20.0,0.925,3,7,-4.279,0.24232499999999998,-0.54185,-4.9669,35.0,27.767500000000002,0,19.925,0.0,7.0,12.37775,0.20075,-0.92925,-0.21,-23.792,-10.76725,14.748,0,1,0,100.0,-13.884199770507673,-4.279,-9.605199770507673
6,96.0,1,20.0,0.5399999999999977,3,7,-4.479200000000001,0.23886,-0.6026800000000003,-4.802119999999999,35.0,27.806,0,19.54,0.0,7.0,12.674200000000003,0.20460000000000003,-0.9254,-0.21,-24.0076,-11.009800000000002,12.99239999999999,0,1,0,100.0,-13.685669894494843,-4.479200000000001,-9.206469894494841
6,97.0,1,20.0,0.15500000000000108,3,7,-4.679399999999999,0.23539500000000002,-0.6635099999999998,-4.63734,35.0,27.8445,0,19.155,0.0,7.0,12.97065,0.20845,-0.9215500000000001,-0.21,-24.2232,-11.25235,11.236800000000004,0,1,0,100.0,-13.487140018482014,-4.679399999999999,-8.807740018482015
6,98.0,1,20.0,0.0,3,7,-4.8704,0.22985999999999998,-0.914320000000001,-4.57031,35.0,27.8761,0,19.0,0.0,7.0,13.0601,0.21,-0.9223,-0.20539999999999997,-24.3031,-11.727200000000002,9.547899999999995,0,1,0,100.0,-13.170007878877101,-4.8704,-8.2996078788771
6,99.0,1,20.0,0.0,3,7,-5.055200000000002,0.22292999999999993,-1.2931600000000034,-4.569154999999999,35.0,27.90305,0,19.0,0.0,7.0,13.01005,0.21,-0.92615,-0.19769999999999993,-24.29155,-12.358600000000006,7.903949999999985,0,1,0,100.0,-12.772948126851439,-5.055200000000002,-7.717748126851437
6,100.0,1,20.0,0.0,3,7,-5.24,0.216,-1.672,-4.568,35.0,27.93,0,19.0,0.0,7.0,12.96,0.21,-0.93,-0.19,-24.28,-12.99,6.26,0,1,0,100.0,-12.37588837482578,-5.24,-7.135888374825781
7,0.0,1,20.0,0.0,0,1,-5.67,0.174,-3.492,-4.799,35.0,28.04,0,19.0,0.0,7.0,11.93,0.2,-0.95,-0.18,-23.3,-16.23,2.52,0,1,0,100.0,-9.969465635276324,-5.67,-4.299465635276324
7,1.0,1,20.0,0.0,0,1,-5.9547,0.12216999999999999,-5.18706,-3.92227,35.0,28.04,0,19.0,0.0,7.0,10.6014,0.1781,-0.9646,-0.1654,-21.9057,-19.4931,0.5781999999999999,0,1,0,100.0,-6.999825383113267,-5.9547,-1.045125383113267
7,2.0,1,20.0,0.0,0,1,-6.4996,-0.22441999999999998,-19.410980000000002,-0.0,35.0,28.18,0,14.0,0.0,7.0,6.941,0.12160000000000001,-0.9992,-0.1308,-17.4574,-28.3672,0.9523999999999999,0,1,0,100.0,12.858318838325934,-6.4996,19.357918838325933
7,3.0,1,20.0,0.09499999999999993,0,1,-6.659,-0.29280999999999996,-3.1846550000000002,-0.0,35.0,28.18,0,14.095,0.0,7.0,5.60425,0.09715000000000001,-1.0119,-0.11905,-15.6854,-31.6998,2.5977499999999996,0,1,0,100.0,16.776777199225634,-6.659,23.435777199225633
7,4.0,1,20.0,0.45999999999999996,0,1,-6.731999999999999,-0.29208,-1.0855400000000004,-0.0,35.0,28.18,0,14.46,0.0,7.0,4.929,0.08620000000000001,-1.0192,-0.1154,-14.7072,-33.4664,3.8569999999999998,0,1,0,100.0,16.734951280181086,-6.731999999999999,23.466951280181085
7,5.0,1,20.0,0.8250000000000001,0,1,-6.805,-0.29135,1.0135749999999997,-0.0,35.0,28.18,0,14.825,0.0,7.0,4.25375,0.07525000000000001,-1.0265,-0.11175,-13.729,-35.233,5.11625,0,1,0,100.0,16.693125361136534,-6.805,23.498125361136534
7,6.0,1,20.0,0.3799999999999997,0,1,-7.014200000000001,-0.26758000000000004,0.7173799999999999,-0.0,35.0,28.14,0,14.379999999999999,0.0,7.0,2.0358000000000005,0.0362,-1.0538,-0.0862,-10.0054,-41.0636,9.815,0,1,0,100.0,15.33120468211057,-7.014200000000001,22.34540468211057
7,7.0,1,20.0,1.0,0,1,-7.073300000000001,-0.26101,1.005415,-0.0,35.0,28.1422,0,15.0,0.0,7.0,1.31655,0.0289,-1.06055,-0.07945,-8.5566,-42.827,11.25895,0,1,0,100.0,14.954771410709618,-7.073300000000001,22.028071410709618
7,8.0,1,20.0,1.0,0,1,-7.0952,-0.25444,1.0612599999999999,-0.0,35.0,28.1568,0,15.0,0.0,7.0,1.0282,0.0216,-1.0642,-0.0758,-7.8704,-43.338,11.5838,0,1,0,100.0,14.578338139308666,-7.0952,21.67353813930867
7,9.0,1,20.0,1.0,0,1,-7.1171,-0.24787,1.117105,-0.0,35.0,28.1714,0,15.0,0.0,7.0,0.7398499999999999,0.014299999999999998,-1.06785,-0.07215,-7.1842,-43.849,11.90865,0,1,0,100.0,14.201904867907716,-7.1171,21.319004867907715
7,10.0,1,20.0,1.0,0,1,-7.136,-0.24159999999999998,0.8452,-0.0,35.0,28.168,0,15.0,0.0,7.0,0.39299999999999996,0.007,-1.073,-0.07,-6.312,-44.183,11.991999999999999,0,1,0,100.0,13.842660330360689,-7.136,20.97866033036069
7,11.0,1,20.0,1.0,0,1,-7.1503000000000005,-0.23593999999999998,0.12932000000000005,-0.0,35.0,28.14,0,15.0,0.0,7.0,-0.03379999999999987,-0.00029999999999999715,-1.0803,-0.07,-5.1843,-44.2279,11.703700000000001,0,1,0,100.0,13.518366218316642,-7.1503000000000005,20.66866621831664
7,12.0,1,20.0,1.0,0,1,-7.1576,-0.23448000000000002,0.015440000000000103,-0.0,35.0,28.14,0,15.0,0.0,7.0,-0.3695999999999997,-0.007599999999999995,-1.0876000000000001,-0.07,-4.315600000000001,-43.446799999999996,10.820400000000001,0,1,0,100.0,13.434714380227545,-7.1576,20.592314380227545
7,13.0,1,20.0,1.0,0,1,-7.1551,-0.234,-0.049929999999999954,-0.0,35.0,28.1596,0,15.0,0.0,7.0,-0.6808999999999996,-0.014899999999999991,-1.09,-0.0651,-3.623300000000001,-42.2002,9.750900000000001,0,1,0,100.0,13.407212406061264,-7.1551,20.562312406061263
7,14.0,1,20.0,1.0,0,1,-7.1456,-0.23444,-0.11838000000000005,-0.0,35.0,28.1712,0,15.0,0.0,7.0,-0.9802000000000002,-0.02,-1.09,-0.062200000000000005,-3.0812,-40.571600000000004,8.5968,0,1,0,100.0,13.43242254904702,-7.1456,20.57802254904702
7,15.0,1,20.0,1.0,0,1,-7.131,-0.2359,-0.24905,-0.0,35.0,28.142,0,15.0,0.0,7.0,-1.2795,-0.02,-1.09,-0.0695,-2.6870000000000003,-38.586000000000006,7.458,0,1,0,100.0,13.51607438713612,-7.131,20.647074387136122
7,16.0,1,20.0,1.0,0,1,-7.1132,-0.23901999999999998,-0.11864000000000002,-0.0,35.0,28.1536,0,15.0,0.0,7.0,-1.984,-0.0334,-1.08,-0.0734,-2.2318000000000002,-34.107200000000006,5.8004,0,1,0,100.0,13.694837219216936,-7.1132,20.808037219216935
7,17.0,1,20.0,1.0,0,1,-7.1059,-0.240115,-0.025930000000000068,-0.0,35.0,28.1682,0,15.0,0.0,7.0,-2.203,-0.03705,-1.08,-0.07705000000000001,-2.14785,-32.858900000000006,5.4573,0,1,0,100.0,13.757576097783762,-7.1059,20.86347609778376
7,18.0,1,20.0,1.0,0,1,-7.0786,-0.23958,0.030360000000000248,-0.0,35.0,28.18,0,15.0,0.0,7.0,-3.2290000000000005,-0.0614,-1.0686,-0.09140000000000001,-1.9145999999999999,-27.906799999999997,4.373399999999999,0,1,0,100.0,13.726922855744263,-7.0786,20.805522855744265
7,19.0,1,20.0,1.0,0,1,-7.0713,-0.23739,0.33987999999999957,-0.0,35.0,28.18,0,15.0,0.0,7.0,-3.849499999999999,-0.0687,-1.0613000000000001,-0.0987,-1.8343000000000003,-25.439400000000003,3.869700000000001,0,1,0,100.0,13.601445098610611,-7.0713,20.672745098610612
7,20.0,1,20.0,1.0,0,1,-7.0680000000000005,-0.2352,0.4622,-0.0,35.0,28.18,0,15.0,0.0,7.0,-4.148,-0.07400000000000001,-1.058,-0.10200000000000001,-1.802,-24.356,3.6039999999999996,0,1,0,100.0,13.475967341476961,-7.0680000000000005,20.54396734147696
7,21.0,1,20.0,1.0,0,1,-7.065566666666666,-0.23301,0.5439599999999998,-0.0,35.0,28.18,0,15.0,0.0,7.0,-4.376733333333333,-0.07886666666666665,-1.0555666666666668,-0.10443333333333334,-1.7801,-23.57246666666667,3.389866666666667,0,1,0,100.0,13.350489584343311,-7.065566666666666,20.416056251009977
7,22.0,1,20.0,1.0,0,1,-7.063133333333333,-0.23082,0.6257199999999999,-0.0,35.0,28.18,0,15.0,0.0,7.0,-4.605466666666667,-0.08373333333333333,-1.0531333333333335,-0.10686666666666667,-1.7582,-22.788933333333336,3.1757333333333335,0,1,0,100.0,13.225011827209661,-7.063133333333333,20.288145160542996
7,23.0,1,20.0,1.0,0,1,-7.0607,-0.22863,0.70748,-0.0,35.0,28.18,0,15.0,0.0,7.0,-4.8342,-0.0886,-1.0507,-0.10930000000000001,-1.7363,-22.0054,2.9616,0,1,0,100.0,13.099534070076011,-7.0607,20.16023407007601
7,24.0,1,20.0,0.0,0,1,-7.06,-0.20444,0.4856400000000001,-0.0,35.0,28.1696,0,14.0,0.0,7.0,-7.0588,-0.12519999999999998,-1.0274,-0.1326,-1.4580000000000002,-15.503800000000002,-0.385799999999999,0,1,0,100.0,11.71354916365455,-7.06,18.77354916365455
7,25.0,1,20.0,0.0,0,1,-7.06,-0.20225,0.41775,-0.0,35.0,28.155,0,14.0,0.0,7.0,-7.38,-0.1325,-1.02375,-0.13625,-1.385,-14.63875,-1.05375,0,1,0,100.0,11.5880714065209,-7.06,18.6480714065209
7,26.0,1,20.0,0.0,0,1,-7.06,-0.20006000000000002,0.3498600000000001,-0.0,35.0,28.1404,0,14.0,0.0,7.0,-7.701199999999999,-0.1398,-1.0201,-0.1399,-1.3120000000000003,-13.773700000000002,-1.7216999999999985,0,1,0,100.0,11.46259364938725,-7.06,18.52259364938725
7,27.0,1,20.0,0.0,0,1,-7.06,-0.18632,0.5520700000000001,-0.0,35.0,28.151600000000002,0,14.0,0.0,7.0,-8.9415,-0.1571,-1.01,-0.1571,-0.7260000000000002,-10.491700000000002,-5.168399999999998,0,1,0,100.0,10.675349638877499,-7.06,17.735349638877498
7,28.0,1,20.0,0.0,0,1,-7.06,-0.1829,0.5096999999999999,-0.0,35.0,28.1488,0,14.0,0.0,7.0,-9.2444,-0.1622,-1.0078,-0.16,-0.49779999999999985,-9.6644,-6.1934000000000005,0,1,0,100.0,10.479398072942757,-7.06,17.539398072942756
7,29.0,1,20.0,0.0,0,1,-7.06,-0.18107499999999999,0.43122500000000014,-0.0,35.0,28.1634,0,14.0,0.0,7.0,-9.4342,-0.16585,-1.00415,-0.16,-0.31165000000000026,-9.1242,-6.912449999999999,0,1,0,100.0,10.374833275331381,-7.06,17.434833275331382
7,30.0,1,20.0,0.0,0,1,-7.06,-0.17925,0.35275,-0.0,35.0,28.178,0,14.0,0.0,7.0,-9.624,-0.1695,-1.0005,-0.16,-0.12549999999999994,-8.584,-7.631500000000001,0,1,0,100.0,10.270268477720006,-7.06,17.330268477720004
7,31.0,1,20.0,0.0,0,1,-7.06,-0.17585,0.32436000000000004,-0.0,35.0,28.1548,0,14.0,0.0,7.0,-9.889399999999998,-0.17629999999999998,-1.0,-0.1663,0.27799999999999897,-7.716200000000002,-8.882899999999998,0,1,0,100.0,10.075462827375526,-7.06,17.135462827375527
7,32.0,1,20.0,0.0,0,1,-7.0564,-0.17148,0.3874399999999999,-0.0,35.0,28.1544,0,14.0,0.0,7.0,-10.1272,-0.18,-0.9964,-0.17,0.7483999999999996,-6.8756,-10.1504,0,1,0,100.0,9.825080270903356,-7.0564,16.881480270903356
7,33.0,1,20.0,0.0,0,1,-7.0491,-0.16628,0.5135,-0.0,35.0,28.1764,0,14.0,0.0,7.0,-10.313500000000001,-0.18,-0.99,-0.17090000000000002,1.2593000000000003,-6.1308,-11.3314,0,1,0,100.0,9.52714221743533,-7.0491,16.57624221743533
7,34.0,1,20.0,0.0,0,1,-7.0418,-0.16044,0.4770000000000001,-0.0,35.0,28.1472,0,14.0,0.0,7.0,-10.423,-0.18,-0.99,-0.1782,1.821399999999999,-5.488400000000001,-12.397199999999998,0,1,0,100.0,9.192534865078928,-7.0418,16.234334865078928
7,35.0,1,20.0,0.0,0,1,-7.0344999999999995,-0.15762500000000002,0.40750000000000003,-0.0,35.0,28.14,0,14.0,0.0,7.0,-10.46375,-0.18,-0.99,-0.18,2.18275,-5.121,-13.00375,0,1,0,100.0,9.031247245749602,-7.0344999999999995,16.065747245749602
7,36.0,1,20.0,0.0,0,1,-7.0272,-0.1558,0.3271999999999999,-0.0,35.0,28.14,0,14.0,0.0,7.0,-10.482,-0.18,-0.99,-0.18,2.4784000000000006,-4.8435999999999995,-13.46,0,1,0,100.0,8.926682448138225,-7.0272,15.953882448138224
7,37.0,1,20.0,0.0,0,1,-6.9796000000000005,-0.14792000000000002,0.373799999999999,-0.0,35.0,28.14,0,14.0,0.0,7.0,-10.469000000000001,-0.18,-0.9899,-0.18,3.628499999999997,-3.9145000000000016,-14.958799999999997,0,1,0,100.0,8.475191705575138,-6.9796000000000005,15.45479170557514
7,38.0,1,20.0,0.0,0,1,-6.9504,-0.14208000000000004,0.5781999999999994,-0.0,35.0,28.14,0,14.0,0.0,7.0,-10.395999999999999,-0.18,-0.9826,-0.18,4.248999999999998,-3.5130000000000012,-15.601199999999999,0,1,0,100.0,8.140584353218738,-6.9504,15.090984353218738
7,39.0,1,20.0,0.0,0,1,-6.8424,-0.12965000000000002,0.40073000000000003,-0.0,35.0,28.1612,0,14.0,0.0,7.0,-10.1113,-0.1753,-0.98,-0.18,5.748299999999999,-2.6685000000000008,-16.8273,0,1,0,100.0,7.428397813871124,-6.8424,14.270797813871123
7,40.0,1,20.0,0.0,0,1,-6.7909999999999995,-0.1265,0.3904,-0.0,35.0,28.14,0,14.0,0.0,7.0,-9.977,-0.17,-0.98,-0.18,6.311999999999999,-2.39,-17.189,0,1,0,100.0,7.2479161084049135,-6.7909999999999995,14.038916108404912
7,41.0,1,20.0,0.0,0,1,-6.75815,-0.124675,0.43201000000000006,-0.0,35.0,28.14,0,14.0,0.0,7.0,-9.89305,-0.17,-0.98,-0.18,6.6478,-2.2439999999999998,-17.36785,0,1,0,100.0,7.1433513107935385,-6.75815,13.901501310793538
7,42.0,1,20.0,0.0,0,1,-6.7253,-0.12285,0.4736199999999998,-0.0,35.0,28.14,0,14.0,0.0,7.0,-9.8091,-0.17,-0.98,-0.18,6.983599999999998,-2.0980000000000008,-17.546699999999998,0,1,0,100.0,7.038786513182163,-6.7253,13.764086513182164
7,43.0,1,20.0,0.0,0,1,-6.671,-0.11810000000000002,0.5218599999999998,-0.0,35.0,28.1556,0,14.0,0.0,7.0,-9.6725,-0.16610000000000003,-0.98,-0.18,7.506599999999998,-1.9052000000000007,-17.821099999999998,0,1,0,100.0,6.766631560495024,-6.671,13.437631560495024
7,44.0,1,20.0,0.0,0,1,-6.602200000000001,-0.11152000000000001,0.55794,-0.0,35.0,28.177599999999998,0,14.0,0.0,7.0,-9.5044,-0.16,-0.98,-0.18,8.137599999999999,-1.695,-18.1524,0,1,0,100.0,6.389625331298941,-6.602200000000001,12.99182533129894
7,45.0,1,20.0,0.0,0,1,-6.55475,-0.1086,0.502825,-0.0,35.0,28.163,0,14.0,0.0,7.0,-9.4095,-0.16,-0.98,-0.18,8.488,-1.60375,-18.3495,0,1,0,100.0,6.222321655120741,-6.55475,12.777071655120741
7,46.0,1,20.0,0.0,0,1,-6.507300000000001,-0.10568,0.4477099999999999,-0.0,35.0,28.1484,0,14.0,0.0,7.0,-9.3146,-0.16,-0.98,-0.18,8.8384,-1.5124999999999997,-18.5466,0,1,0,100.0,6.05501797894254,-6.507300000000001,12.562317978942541
7,47.0,1,20.0,0.0,0,1,-6.1404000000000005,-0.08097000000000004,0.8713499999999997,-0.0,35.0,28.1676,0,14.0,0.0,7.0,-8.7118,-0.15,-0.99,-0.17,11.401699999999996,-1.2809999999999997,-20.617499999999996,0,1,0,100.0,4.639239267174278,-6.1404000000000005,10.779639267174279
7,48.0,1,20.0,0.0,6,2,-6.0262,-0.07176,0.9383399999999996,0.004419999999999749,35.0,28.14,0,14.079999999999995,0.0,7.0,-8.5556,-0.14980000000000002,-0.99,-0.17,12.162199999999999,-1.3551999999999997,-21.514999999999997,0,1,0,100.0,4.111545137858788,-6.0262,10.137745137858788
7,49.0,1,20.0,0.0,6,2,-5.95685,-0.06738000000000001,1.0905449999999999,0.08508499999999988,35.0,28.14,0,15.539999999999997,0.0,7.0,-8.4753,-0.14615,-0.99,-0.17,12.56735,-1.4501,-22.15375,0,1,0,100.0,3.8605896235914874,-5.95685,9.817439623591488
7,50.0,1,20.0,0.0,6,2,-5.8875,-0.063,1.24275,0.16575,35.0,28.14,0,17.0,0.0,7.0,-8.395,-0.14250000000000002,-0.99,-0.17,12.9725,-1.5450000000000002,-22.7925,0,1,0,100.0,3.6096341093241864,-5.8875,9.497134109324186
7,51.0,1,20.0,0.0,6,2,-5.5916999999999994,-0.03162999999999998,1.511919999999999,-0.2606799999999998,35.0,28.14,0,18.0,0.0,7.0,-8.0671,-0.14,-0.99,-0.16,14.769000000000002,-2.0936000000000003,-26.264700000000005,0,1,0,100.0,1.8122655059987927,-5.5916999999999994,7.4039655059987926
7,52.0,1,20.0,0.0,6,2,-5.438400000000001,-0.017760000000000067,1.0038400000000023,-0.1263600000000006,35.0,28.14,0,18.0,0.0,7.0,-7.8992,-0.14,-0.99,-0.16,15.717999999999995,-2.3271999999999986,-28.374399999999987,0,1,0,100.0,1.0175730441523458,-5.438400000000001,6.455973044152346
7,53.0,1,20.0,0.0,6,2,-5.3771,-0.014700000000000008,0.8915900000000002,-0.03413000000000027,35.0,28.14,0,18.0,0.0,7.0,-7.8256,-0.13770000000000002,-0.9923,-0.16,16.057499999999997,-2.2986,-29.232899999999997,0,1,0,100.0,0.8422479588423106,-5.3771,6.219347958842311
7,54.0,1,20.0,0.0,6,2,-5.321133333333333,-0.01226666666666667,0.8022866666666668,0.05565999999999987,35.0,28.14,0,18.0,0.0,7.0,-7.757466666666667,-0.13526666666666667,-0.9947333333333334,-0.16,16.361666666666665,-2.2548,-30.018866666666664,0,1,0,100.0,0.70282822869381,-5.321133333333333,6.023961562027143
7,55.0,1,20.0,0.0,6,2,-5.2651666666666666,-0.009833333333333333,0.7129833333333333,0.14545,35.0,28.14,0,18.0,0.0,7.0,-7.689333333333334,-0.13283333333333333,-0.9971666666666666,-0.16,16.66583333333333,-2.211,-30.80483333333333,0,1,0,100.0,0.5634084985453095,-5.2651666666666666,5.828575165211976
7,56.0,1,20.0,0.0,6,2,-5.2092,-0.007399999999999996,0.6236799999999998,0.23524000000000014,35.0,28.14,0,18.0,0.0,7.0,-7.6212,-0.1304,-0.9996,-0.16,16.97,-2.1672000000000002,-31.5908,0,1,0,100.0,0.42398876839680893,-5.2092,5.633188768396809
7,57.0,1,20.0,0.6099999999999967,6,2,-4.775300000000001,-0.002,0.06681000000000095,0.017400000000000863,35.0,28.14,0,18.609999999999996,0.0,7.0,-7.054300000000001,-0.12390000000000004,-1.0061,-0.16,18.4565,0.22199999999999256,-37.12129999999999,0,1,0,100.0,0.11459155902616465,-4.775300000000001,4.889891559026166
7,58.0,1,20.0,1.0,6,2,-4.5680000000000005,-0.002,-0.03350000000000006,-0.1577799999999995,35.0,28.14,0,19.0,0.0,7.0,-6.784200000000001,-0.12,-1.0134,-0.16,18.7372,2.344799999999992,-39.46039999999999,0,1,0,100.0,0.11459155902616465,-4.5680000000000005,4.682591559026165
7,59.0,1,20.0,1.0,6,2,-4.0248,-0.004,-0.10234000000000015,-0.5866500000000001,35.0,28.14,0,19.0,0.0,7.0,-6.3191,-0.11069999999999999,-1.03,-0.1707,18.0343,10.778599999999992,-43.6843,0,1,0,100.0,0.2291831180523293,-4.0248,4.2539831180523295
7,60.0,1,20.0,1.0,6,2,-3.762,-0.004,-0.0015999999999999903,-0.51,35.0,28.14,0,19.0,0.0,7.0,-6.414000000000001,-0.118,-1.03,-0.178,16.932,15.873999999999999,-44.042,0,1,0,100.0,0.2291831180523293,-3.762,3.991183118052329
7,61.0,1,20.0,0.7349999999999994,6,2,-3.5892999999999997,-0.004,0.027855000000000005,-0.47018499999999996,35.0,28.14,0,18.735,0.0,7.0,-6.628150000000001,-0.12265000000000001,-1.03265,-0.18,16.015199999999997,19.276050000000005,-43.68155,0,1,0,100.0,0.2291831180523293,-3.5892999999999997,3.818483118052329
7,62.0,1,20.0,0.37000000000000166,6,2,-3.4506000000000006,-0.004,0.03040999999999999,-0.4442700000000001,35.0,28.14,0,18.37,0.0,7.0,-6.887299999999999,-0.1263,-1.0363,-0.18,15.168400000000004,22.039099999999987,-43.0501,0,1,0,100.0,0.2291831180523293,-3.4506000000000006,3.6797831180523297
7,63.0,1,20.0,0.005000000000001082,6,2,-3.3119000000000005,-0.004,0.032964999999999994,-0.4183550000000001,35.0,28.14,0,18.005000000000003,0.0,7.0,-7.14645,-0.12994999999999998,-1.03995,-0.18,14.321600000000004,24.80214999999999,-42.41865,0,1,0,100.0,0.2291831180523293,-3.3119000000000005,3.5410831180523297
7,64.0,1,20.0,0.7199999999999989,6,2,-3.0076000000000005,-0.004,-0.029639999999999896,-0.44608,35.0,28.14,0,18.72,0.0,7.0,-8.143599999999998,-0.15159999999999996,-1.04,-0.18719999999999998,12.214800000000004,29.80079999999999,-39.4724,0,1,0,100.0,0.2291831180523293,-3.0076000000000005,3.2367831180523297
7,65.0,1,20.0,1.0,6,2,-2.6875,-0.004,-0.014850000000000002,-0.4516,35.0,28.14,0,19.0,0.0,7.0,-9.411999999999999,-0.17350000000000002,-1.04,-0.1945,9.9465,33.926,-35.5625,0,1,0,100.0,0.2291831180523293,-2.6875,2.916683118052329
7,66.0,1,20.0,1.0,6,2,-2.3985999999999996,-0.004,0.02957999999999998,-0.44815000000000005,35.0,28.14,0,19.0,0.0,7.0,-10.698800000000002,-0.19450000000000003,-1.04,-0.20090000000000002,7.872999999999998,36.7864,-31.488799999999994,0,1,0,100.0,0.2291831180523293,-2.3985999999999996,2.627783118052329
7,67.0,1,20.0,1.0,6,2,-2.2307000000000006,-0.004,0.015710000000000068,-0.4609249999999999,35.0,28.14,0,19.0,0.0,7.0,-11.545599999999997,-0.2127499999999999,-1.04,-0.20454999999999998,6.668500000000006,37.501799999999996,-28.68560000000001,0,1,0,100.0,0.2291831180523293,-2.2307000000000006,2.4598831180523297
7,68.0,1,20.0,1.0,6,2,-2.0628000000000006,-0.004,0.0018400000000000447,-0.47369999999999995,35.0,28.14,0,19.0,0.0,7.0,-12.392399999999999,-0.23099999999999993,-1.04,-0.2082,5.464000000000004,38.2172,-25.882400000000008,0,1,0,100.0,0.2291831180523293,-2.0628000000000006,2.29198311805233
7,69.0,1,20.0,0.0,6,2,-0.9449000000000003,0.00265999999999998,0.603044999999998,-0.7570049999999994,35.0,28.05705,0,19.0,1440.0,8.0,-17.564149999999998,-0.32555,-1.04,-0.23,-1.7409999999999985,31.478350000000002,-5.663000000000005,0,1,0,100.0,-0.15240677350479784,-0.9449000000000003,0.7924932264952025
7,70.0,1,20.0,0.0,1,6,-0.777,0.0158,1.82835,-1.1851500000000001,35.0,28.0315,0,19.0,1440.0,8.0,-18.1445,-0.33649999999999997,-1.04,-0.23,-2.69,28.8905,-2.67,0,1,0,100.0,-0.9052733163067008,-0.777,-0.1282733163067008
7,71.0,1,20.0,0.0,1,6,-0.609100000000001,0.02893999999999992,3.0536549999999925,-1.6132949999999975,35.0,28.00595,0,19.0,1440.0,8.0,-18.724849999999996,-0.3474499999999999,-1.04,-0.23,-3.6389999999999936,26.302650000000014,0.3229999999999812,0,1,0,100.0,-1.6581398591085978,-0.609100000000001,-1.0490398591085968
7,72.0,1,20.0,0.0,1,6,0.07280000000000085,0.10084000000000008,2.674239999999999,-2.424440000000001,35.0,27.947599999999998,0,19.0,1440.0,8.0,-19.9444,-0.37560000000000004,-1.0344,-0.23,-6.925200000000004,11.526799999999978,11.262000000000013,0,1,0,100.0,-5.7777064060992265,0.07280000000000085,-5.850506406099227
7,73.0,1,20.0,0.0,1,6,0.28639999999999965,0.12278499999999995,2.3702200000000007,-2.6773499999999997,35.0,27.92565,0,19.0,1440.0,8.0,-19.984750000000002,-0.37855,-1.03,-0.23,-7.844149999999998,6.0854500000000105,14.418149999999994,0,1,0,100.0,-7.03506228751381,0.28639999999999965,-7.32146228751381
7,74.0,1,20.0,0.0,1,6,0.40319999999999895,0.1348299999999999,2.237360000000001,-2.7612999999999994,35.0,27.9147,0,19.0,1440.0,8.0,-19.820500000000003,-0.3749,-1.03,-0.23,-8.307699999999995,2.8771000000000297,16.049699999999984,0,1,0,100.0,-7.725189951748884,0.40319999999999895,-8.128389951748883
7,75.0,1,20.0,0.0,1,6,0.52,0.146875,2.1045000000000003,-2.84525,35.0,27.90375,0,19.0,1440.0,8.0,-19.65625,-0.37124999999999997,-1.03,-0.23,-8.77125,-0.3312500000000007,17.68125,0,1,0,100.0,-8.415317615983966,0.52,-8.935317615983966
7,76.0,1,20.0,0.0,1,6,0.8355999999999998,0.18051999999999996,1.6711600000000004,-3.4448,35.0,27.8552,0,19.0,1440.0,8.0,-18.267200000000003,-0.33520000000000005,-1.02,-0.22,-10.070799999999998,-9.301199999999993,22.107199999999995,0,1,0,100.0,-10.343034117701619,0.8355999999999998,-11.178634117701618
7,77.0,1,20.0,0.0,1,6,0.8745333333333335,0.18587333333333333,1.5984033333333332,-3.4825166666666667,35.0,27.8479,0,19.0,1440.0,8.0,-17.88273333333333,-0.32789999999999997,-1.02,-0.22,-10.284933333333335,-10.474066666666669,22.7569,0,1,0,100.0,-10.649757524028322,0.8745333333333335,-11.524290857361656
7,78.0,1,20.0,0.0,1,6,0.9134666666666665,0.19122666666666666,1.5256466666666668,-3.520233333333333,35.0,27.8406,0,19.0,1440.0,8.0,-17.49826666666667,-0.32060000000000005,-1.02,-0.22,-10.499066666666666,-11.64693333333333,23.406599999999997,0,1,0,100.0,-10.956480930355022,0.9134666666666665,-11.869947597021689
7,79.0,1,20.0,0.0,1,6,0.9523999999999996,0.19657999999999995,1.4528900000000007,-3.55795,35.0,27.833299999999998,0,19.0,1440.0,8.0,-17.113800000000005,-0.3133000000000001,-1.02,-0.22,-10.713199999999999,-12.819799999999988,24.056299999999997,0,1,0,100.0,-11.26320433668172,0.9523999999999996,-12.21560433668172
7,80.0,1,20.0,0.0,1,6,1.0,0.233,0.7894,-4.3772,35.0,27.762,0,19.0,1440.0,8.0,-11.834,-0.214,-1.016,-0.21,-13.208,-16.233999999999998,28.632,0,1,0,100.0,-13.349916626548183,1.0,-14.349916626548183
7,81.0,1,20.0,0.0,1,6,0.9283000000000003,0.23964999999999997,0.6982550000000002,-4.411969999999999,35.0,27.72,0,19.0,1440.0,8.0,-10.272050000000005,-0.1867500000000001,-1.01,-0.21,-13.994499999999997,-15.811750000000004,29.458499999999997,0,1,0,100.0,-13.730933560310177,0.9283000000000003,-14.659233560310177
7,82.0,1,20.0,0.0,1,6,0.8625999999999998,0.24330000000000002,0.6716099999999999,-4.46234,35.0,27.72,0,19.0,1440.0,8.0,-9.385099999999998,-0.16849999999999996,-1.01,-0.21,-14.469000000000001,-15.4285,29.787,0,1,0,100.0,-13.94006315553293,0.8625999999999998,-14.802663155532931
7,83.0,1,20.0,0.0,1,6,0.7969000000000002,0.24694999999999998,0.6449650000000001,-4.51271,35.0,27.72,0,19.0,1440.0,8.0,-8.498150000000003,-0.15025000000000008,-1.01,-0.21,-14.943499999999998,-15.045250000000001,30.1155,0,1,0,100.0,-14.149192750755677,0.7969000000000002,-14.946092750755678
7,84.0,1,20.0,0.0,1,6,0.39440000000000225,0.25692,0.4048400000000013,-4.854439999999999,35.0,27.72,0,19.0,1440.0,8.0,-4.723600000000017,-0.08400000000000035,-1.0,-0.21,-16.998799999999992,-13.596400000000004,30.8356,0,1,0,100.0,-14.720431672501109,0.39440000000000225,-15.114831672501111
7,85.0,1,20.0,0.0,1,6,0.16025,0.2611,0.27675000000000005,-4.9186749999999995,35.0,27.71925,0,19.0,1440.0,8.0,-2.9459999999999997,-0.049,-0.99975,-0.20975,-17.9405,-13.088,30.88,0,1,0,100.0,-14.959928030865795,0.16025,-15.120178030865794
7,86.0,1,20.0,0.0,1,6,0.017900000000000898,0.26256,0.27310000000000006,-4.94313,35.0,27.7083,0,19.0,1440.0,8.0,-2.011600000000006,-0.03440000000000009,-0.9961,-0.20610000000000003,-18.385799999999996,-12.9128,30.734,0,1,0,100.0,-15.043579868954895,0.017900000000000898,-15.061479868954896
7,87.0,1,20.0,0.0,3,7,-0.12445000000000044,0.26402000000000003,0.26945,-4.967585,35.0,27.69735,0,19.0,1440.0,8.0,-1.0771999999999973,-0.019799999999999957,-0.9924499999999999,-0.20245,-18.8311,-12.737599999999999,30.587999999999997,0,1,0,100.0,-15.127231707043997,-0.12445000000000044,-15.002781707043995
7,88.0,1,20.0,0.23999999999999774,3,7,-0.32319999999999904,0.26572,0.2590800000000001,-5.03248,35.0,27.69,0,19.24,1440.0,8.0,0.16679999999999415,0.0019999999999998864,-0.9876,-0.19760000000000003,-19.379599999999996,-12.5168,30.2572,0,1,0,100.0,-15.224634532216236,-0.32319999999999904,-14.901434532216236
7,89.0,1,20.0,0.9699999999999932,3,7,-0.6370999999999971,0.26791,0.23499000000000025,-5.179939999999998,35.0,27.69,0,19.96999999999999,1440.0,8.0,2.0428999999999826,0.03849999999999966,-0.9803000000000001,-0.19030000000000008,-20.138799999999996,-12.202900000000003,29.549100000000006,0,1,0,100.0,-15.350112289349884,-0.6370999999999971,-14.713012289349887
7,90.0,1,20.0,0.29999999999999993,3,7,-0.9720000000000001,0.2701,0.2305,-5.1013,35.0,27.711,0,19.3,1440.0,8.0,3.8770000000000002,0.068,-0.973,-0.183,-20.765,-11.783999999999999,28.386,0,1,0,100.0,-15.475590046483536,-0.9720000000000001,-14.503590046483536
7,91.0,1,20.0,0.0,3,7,-1.320699999999998,0.27186,0.13354000000000102,-5.09338,35.0,27.72,0,19.0,1440.0,8.0,5.64049999999999,0.09719999999999981,-0.9657,-0.17570000000000005,-21.282299999999996,-11.253100000000003,26.911000000000012,0,1,0,100.0,-15.57643061842656,-1.320699999999998,-14.255730618426561
7,92.0,1,20.0,0.0,3,7,-2.1816000000000013,0.27284,-0.002200000000000159,-5.057359999999999,35.0,27.726399999999998,0,19.0,1440.0,8.0,9.322000000000005,0.15480000000000008,-0.9483999999999999,-0.15839999999999999,-22.032400000000003,-9.547599999999997,22.06999999999999,0,1,0,100.0,-15.632580482349383,-2.1816000000000013,-13.450980482349381
7,93.0,1,20.0,0.0,3,7,-2.5538999999999987,0.27211,-0.053299999999999834,-4.908440000000001,35.0,27.7556,0,19.0,1440.0,8.0,10.562999999999997,0.17669999999999994,-0.9410999999999999,-0.1511,-22.1346,-8.715400000000002,19.515000000000008,0,1,0,100.0,-15.590754563304833,-2.5538999999999987,-13.036854563304834
7,94.0,1,20.0,0.0,3,7,-2.758799999999998,0.27076000000000006,-0.15554999999999897,-4.860580000000001,35.0,27.7693,0,19.0,1440.0,8.0,11.143699999999995,0.18619999999999992,-0.94,-0.15,-22.1283,-8.258300000000004,17.948900000000013,0,1,0,100.0,-15.513405260962173,-2.758799999999998,-12.754605260962176
7,95.0,1,20.0,0.0,3,7,-2.9339999999999997,0.26930000000000004,-0.266875,-4.83065,35.0,27.78025,0,19.0,1440.0,8.0,11.60725,0.1935,-0.94,-0.15,-22.102749999999997,-7.86775,16.55825,0,1,0,100.0,-15.429753422873072,-2.9339999999999997,-12.495753422873072
7,96.0,1,20.0,0.0,3,7,-3.577599999999999,0.2594,-0.7400399999999985,-4.557840000000001,35.0,27.8616,0,19.0,1440.0,8.0,12.779599999999999,0.21,-0.9304,-0.14,-21.824,-6.622000000000001,11.284000000000008,0,1,0,100.0,-14.862525205693556,-3.577599999999999,-11.284925205693558
7,97.0,1,20.0,0.0,3,7,-3.7382000000000004,0.253925,-0.9776550000000007,-4.529005,35.0,27.8762,0,19.0,1440.0,8.0,12.77595,0.21,-0.93405,-0.14,-21.58675,-6.5489999999999995,9.951749999999995,0,1,0,100.0,-14.54883081285943,-3.7382000000000004,-10.81063081285943
7,98.0,1,20.0,0.0,3,7,-3.8987999999999996,0.24845,-1.2152699999999992,-4.500170000000001,35.0,27.8908,0,19.0,1440.0,8.0,12.7723,0.21,-0.9377,-0.14,-21.3495,-6.476,8.619500000000004,0,1,0,100.0,-14.235136420025304,-3.8987999999999996,-10.336336420025305
7,99.0,1,20.0,0.0,3,7,-4.105299999999997,0.23744000000000018,-1.6709099999999923,-4.536809999999998,35.0,27.918899999999997,0,19.0,1440.0,8.0,12.548600000000006,0.20730000000000007,-0.9426999999999999,-0.1373000000000001,-20.859800000000007,-6.664899999999994,6.943000000000021,0,1,0,100.0,-13.604309887586277,-4.105299999999997,-9.49900988758628
7,100.0,1,20.0,0.0,3,7,-4.39,0.217,-2.498,-4.685,35.0,27.97,0,19.0,1440.0,8.0,11.95,0.2,-0.95,-0.13,-19.94,-7.3,4.68,0,1,0,100.0,-12.433184154338864,-4.39,-8.043184154338864
8,0.0,1,20.0,0.0,0,1,-5.03,0.082,-6.155,-3.174,35.0,28.11,0,19.0,1440.0,8.0,8.5,0.15,-0.99,-0.12,-15.94,-10.44,2.34,0,1,0,100.0,-4.698253920072751,-5.03,0.3317460799272496
8,1.0,1,20.0,0.0,0,1,-5.2508,-0.14707999999999996,-30.638959999999997,-0.25392000000000003,35.0,28.202,0,12.56,1440.0,8.0,6.5404,0.11320000000000001,-1.0084,-0.1108,-13.7964,-10.761999999999999,4.7964,0,1,0,100.0,8.427063250784146,-5.2508,13.677863250784146
8,2.0,1,20.0,0.8399999999999999,0,1,-5.5775999999999994,-0.25628,0.9417599999999995,-0.0,35.0,28.18,0,12.84,1440.0,8.0,2.9000000000000004,0.05480000000000001,-1.0368,-0.1,-9.7904,-8.3276,13.934,0,1,0,100.0,14.683762373612739,-5.5775999999999994,20.261362373612737
8,3.0,1,20.0,0.6200000000000001,0,1,-5.638,-0.25196,0.9380400000000003,-0.0,35.0,28.18,0,12.62,1440.0,8.0,2.0728,0.0386,-1.0438,-0.1,-8.773200000000001,-7.1864,16.4182,0,1,0,100.0,14.436244606116222,-5.638,20.074244606116224
8,4.0,1,20.0,0.1600000000000001,0,1,-5.684,-0.24828,0.1367200000000004,-0.0,35.0,28.18,0,12.16,1440.0,8.0,1.4104,0.024800000000000006,-1.0484,-0.1,-7.9176,-6.1652,18.4376,0,1,0,100.0,14.22539613750808,-5.684,19.90939613750808
8,5.0,1,20.0,1.0,0,1,-5.798,-0.2399,0.5014,-0.0,35.0,28.168,0,13.0,1440.0,8.0,-0.189,-0.003,-1.053,-0.10300000000000001,-5.179,-2.999,22.629,0,1,0,100.0,13.74525750518845,-5.798,19.54325750518845
8,6.0,1,20.0,1.0,0,1,-5.8256,-0.23668,0.2888800000000001,-0.0,35.0,28.1496,0,13.0,1440.0,8.0,-0.5707999999999999,-0.007599999999999998,-1.0576,-0.1076,-4.3188,-2.0928000000000004,23.3328,0,1,0,100.0,13.560765095156324,-5.8256,19.38636509515632
8,7.0,1,20.0,1.0,0,1,-5.862,-0.23412,0.10716000000000014,-0.0,35.0,28.1576,0,13.0,1440.0,8.0,-1.0427999999999995,-0.01879999999999998,-1.0644,-0.11,-3.1396000000000015,-0.9028000000000015,23.81,0,1,0,100.0,13.414087899602833,-5.862,19.276087899602835
8,8.0,1,20.0,0.6400000000000006,0,1,-5.9716,-0.23436,-0.10491999999999992,-0.0,35.0,28.18,0,12.64,1440.0,8.0,-1.9939999999999998,-0.03359999999999999,-1.07,-0.12,-0.6764000000000004,1.6283999999999994,22.924,0,1,0,100.0,13.427838886685974,-5.9716,19.399438886685974
8,9.0,1,20.0,0.13999999999999987,0,1,-6.0226,-0.23542,-0.21384,-0.0,35.0,28.18,0,12.14,1440.0,8.0,-2.3074,-0.0414,-1.07,-0.12,-0.14660000000000004,2.3196,22.0408,0,1,0,100.0,13.48857241296984,-6.0226,19.511172412969838
8,10.0,1,20.0,0.6000000000000001,0,1,-6.064,-0.23679999999999998,-0.2626,-0.0,35.0,28.18,0,12.6,1440.0,8.0,-2.496,-0.046,-1.07,-0.12,-0.0040000000000000036,2.614,21.452,0,1,0,100.0,13.567640588697893,-6.064,19.63164058869789
8,11.0,1,20.0,1.0,0,1,-6.2156,-0.24087999999999998,-0.05168000000000013,-0.0,35.0,28.14,0,13.0,1440.0,8.0,-3.2479999999999993,-0.06119999999999999,-1.06,-0.13,0.12560000000000016,3.3187999999999995,19.3964,0,1,0,100.0,13.801407369111269,-6.2156,20.01700736911127
8,12.0,1,20.0,1.0,0,1,-6.3328,-0.2399,0.0555199999999998,-0.0,35.0,28.140800000000002,0,13.0,1440.0,8.0,-3.8357999999999994,-0.0702,-1.0598,-0.1302,0.01720000000000006,3.5326,18.012800000000002,0,1,0,100.0,13.74525750518845,-6.3328,20.07805750518845
8,13.0,1,20.0,1.0,0,1,-6.3972,-0.23759999999999998,0.2744799999999999,-0.0,35.0,28.1592,0,13.0,1440.0,8.0,-4.199199999999999,-0.0748,-1.0552000000000001,-0.1348,-0.04719999999999995,3.5924,17.157200000000003,0,1,0,100.0,13.613477212308359,-6.3972,20.01067721230836
8,14.0,1,20.0,1.0,0,1,-6.4616,-0.23529999999999998,0.4934399999999996,-0.0,35.0,28.177599999999998,0,13.0,1440.0,8.0,-4.5626,-0.0794,-1.0506,-0.1394,-0.11159999999999987,3.6522,16.301600000000004,0,1,0,100.0,13.48169691942827,-6.4616,19.94329691942827
8,15.0,1,20.0,1.0,0,1,-6.598,-0.2262,0.8452000000000001,-0.0,35.0,28.148,0,13.0,1440.0,8.0,-5.322,-0.096,-1.042,-0.148,-0.2,3.668,14.326,0,1,0,100.0,12.960305325859222,-6.598,19.558305325859223
8,16.0,1,20.0,1.0,0,1,-6.7596,-0.21392,0.93824,-0.0,35.0,28.14,0,13.0,1440.0,8.0,-6.169599999999999,-0.11439999999999997,-1.0328,-0.15,-0.24879999999999997,3.5908,11.815200000000003,0,1,0,100.0,12.25671315343857,-6.7596,19.01631315343857
8,17.0,1,20.0,1.0,0,1,-6.937999999999999,-0.20360000000000003,0.663960000000001,-0.0,35.0,28.1656,0,13.0,1440.0,8.0,-7.005999999999998,-0.12639999999999998,-1.0236,-0.15639999999999998,-0.22800000000000012,3.4320000000000004,8.959200000000008,0,1,0,100.0,11.665420708863563,-6.937999999999999,18.60342070886356
8,18.0,1,20.0,1.0,0,1,-7.122,-0.19496000000000002,0.5613199999999999,-0.0,35.0,28.1576,0,13.0,1440.0,8.0,-7.7947999999999995,-0.1412,-1.02,-0.1656,-0.1092000000000001,3.2032000000000003,5.868000000000001,0,1,0,100.0,11.170385173870532,-7.122,18.29238517387053
8,19.0,1,20.0,1.0,0,1,-7.306,-0.18668,0.5761600000000001,-0.0,35.0,28.1592,0,13.0,1440.0,8.0,-8.510399999999999,-0.1548,-1.0152,-0.17479999999999998,0.1187999999999995,2.9216000000000006,2.665200000000006,0,1,0,100.0,10.695976119502209,-7.306,18.00197611950221
8,20.0,1,20.0,0.6,0,1,-7.49,-0.1792,0.4736,-0.0,35.0,28.18,0,12.6,1440.0,8.0,-9.126000000000001,-0.164,-1.006,-0.18,0.456,2.602,-0.5239999999999999,0,1,0,100.0,10.267403688744352,-7.49,17.757403688744354
8,21.0,1,20.0,0.0,0,1,-7.8675999999999995,-0.16280000000000003,0.6438000000000001,-0.0,35.0,28.14,0,12.0,1440.0,8.0,-10.045599999999999,-0.1732,-0.9968,-0.19,1.4651999999999992,1.8224000000000005,-6.750399999999996,0,1,0,100.0,9.327752904729804,-7.8675999999999995,17.195352904729802
8,22.0,1,20.0,0.0,0,1,-8.0104,-0.15528,0.5120800000000002,-0.0,35.0,28.1448,0,12.0,1440.0,8.0,-10.2928,-0.18,-0.99,-0.19119999999999998,1.9591999999999992,1.4820000000000004,-9.081999999999997,0,1,0,100.0,8.896888642791422,-8.0104,16.90728864279142
8,23.0,1,20.0,0.0,0,1,-8.0886,-0.15252,0.42422000000000004,-0.0,35.0,28.1632,0,12.0,1440.0,8.0,-10.3802,-0.18,-0.99,-0.1958,2.2628,1.298,-10.277999999999999,0,1,0,100.0,8.738752291335315,-8.0886,16.827352291335316
8,24.0,1,20.0,0.0,0,1,-8.1656,-0.14976,0.3492399999999999,-0.0,35.0,28.1784,0,12.0,1440.0,8.0,-10.462800000000001,-0.18,-0.9896,-0.2,2.5675999999999997,1.1152000000000002,-11.459999999999997,0,1,0,100.0,8.580615939879209,-8.1656,16.746215939879207
8,25.0,1,20.0,0.0,0,1,-8.23,-0.147,0.4094999999999998,-0.0,35.0,28.16,0,12.0,1440.0,8.0,-10.495,-0.18,-0.985,-0.2,2.884999999999999,0.9450000000000005,-12.494999999999996,0,1,0,100.0,8.422479588423101,-8.23,16.652479588423102
8,26.0,1,20.0,0.0,0,1,-8.294400000000001,-0.14423999999999998,0.4697599999999999,-0.0,35.0,28.1416,0,12.0,1440.0,8.0,-10.527199999999999,-0.18,-0.9803999999999999,-0.2,3.2023999999999995,0.7748000000000002,-13.529999999999998,0,1,0,100.0,8.264343236966994,-8.294400000000001,16.558743236966997
8,27.0,1,20.0,0.0,0,1,-8.4956,-0.12812,0.5343600000000004,-0.0,35.0,28.1736,0,12.0,1440.0,8.0,-10.4076,-0.18,-0.98,-0.2,4.581599999999998,0.25680000000000053,-16.899199999999997,0,1,0,100.0,7.340735271216108,-8.4956,15.836335271216107
8,28.0,1,20.0,0.0,0,1,-8.5852,-0.10964000000000003,0.6806000000000002,-0.0,35.0,28.1496,0,12.0,1440.0,8.0,-10.062800000000001,-0.17240000000000005,-0.98,-0.2,5.994799999999998,-0.048799999999999566,-19.545199999999998,0,1,0,100.0,6.281909265814347,-8.5852,14.867109265814348
8,29.0,1,20.0,0.0,0,1,-8.5866,-0.10428000000000003,0.6102600000000004,-0.0,35.0,28.1536,0,12.0,1440.0,8.0,-9.9216,-0.17,-0.98,-0.2,6.418199999999999,-0.10719999999999982,-20.2308,0,1,0,100.0,5.974803887624226,-8.5866,14.561403887624227
8,30.0,1,20.0,0.0,0,1,-8.582,-0.10060000000000001,0.5362,-0.0,35.0,28.172,0,12.0,1440.0,8.0,-9.802,-0.17,-0.98,-0.2,6.7540000000000004,-0.14400000000000002,-20.746,0,1,0,100.0,5.763955419016082,-8.582,14.345955419016082
8,31.0,1,20.0,0.0,0,1,-8.4984,-0.08784000000000002,0.5587200000000001,-0.0,35.0,28.1592,0,12.0,1440.0,8.0,-9.2528,-0.16,-0.98,-0.2,7.999599999999999,-0.2663999999999999,-22.346,0,1,0,100.0,5.032861272429152,-8.4984,13.531261272429152
8,32.0,1,20.0,0.0,0,1,-8.4358,-0.08246,0.4716600000000002,-0.0,35.0,28.14,0,12.0,1440.0,8.0,-8.9964,-0.15780000000000002,-0.98,-0.19780000000000003,8.517199999999999,-0.3175999999999999,-22.877399999999998,0,1,0,100.0,4.724609978648768,-8.4358,13.160409978648769
8,33.0,1,20.0,0.0,0,1,-8.385200000000001,-0.07924000000000002,0.40404000000000023,-0.0,35.0,28.14,0,12.0,1440.0,8.0,-8.8216,-0.1532,-0.98,-0.1932,8.866799999999998,-0.3543999999999999,-23.185599999999997,0,1,0,100.0,4.540117568616644,-8.385200000000001,12.925317568616645
8,34.0,1,20.0,0.0,0,1,-8.3108,-0.07504000000000004,0.4121599999999991,-0.0,35.0,28.1512,0,12.0,1440.0,8.0,-8.588000000000001,-0.14720000000000005,-0.98,-0.19,9.328399999999997,-0.4107999999999995,-23.576399999999996,0,1,0,100.0,4.2994752946617,-8.3108,12.610275294661701
8,35.0,1,20.0,0.0,0,1,-8.193000000000001,-0.069,0.5764,-0.0,35.0,28.176,0,12.0,1440.0,8.0,-8.260000000000002,-0.14,-0.98,-0.19,9.971,-0.506,-24.1,0,1,0,100.0,3.953408786402681,-8.193000000000001,12.146408786402683
8,36.0,1,20.0,0.0,0,1,-8.1148,-0.06440000000000001,0.6794399999999999,-0.0,35.0,28.1576,0,12.0,1440.0,8.0,-8.076,-0.14,-0.98,-0.19,10.343599999999999,-0.5795999999999999,-24.422,0,1,0,100.0,3.689848200642502,-8.1148,11.804648200642504
8,37.0,1,20.0,0.0,0,1,-7.5896,-0.03848000000000003,0.5957199999999991,-0.0,35.0,28.14,0,12.0,1440.0,8.0,-7.115600000000001,-0.12,-0.99,-0.18,12.323999999999998,-1.1011999999999995,-26.5964,0,1,0,100.0,2.2047415956634095,-7.5896,9.79434159566341
8,38.0,1,20.0,0.0,0,1,-7.3504000000000005,-0.026520000000000044,0.9342799999999987,-0.0,35.0,28.14,0,12.0,1440.0,8.0,-6.784400000000001,-0.12,-0.99,-0.18,13.105999999999998,-1.3587999999999991,-27.663599999999995,0,1,0,100.0,1.5194840726869456,-7.3504000000000005,8.869884072686947
8,39.0,1,20.0,0.0,0,1,-7.212400000000001,-0.020720000000000027,0.9111600000000002,-0.0,35.0,28.1576,0,12.0,1440.0,8.0,-6.611600000000001,-0.11560000000000002,-0.99,-0.18,13.562399999999998,-1.4931999999999994,-28.330399999999997,0,1,0,100.0,1.1871685515110673,-7.212400000000001,8.399568551511068
8,40.0,1,20.0,0.0,0,1,-7.079,-0.0152,0.8715999999999999,-0.0,35.0,28.176,0,12.0,1440.0,8.0,-6.446,-0.111,-0.99,-0.18,14.004,-1.6219999999999999,-28.979,0,1,0,100.0,0.8708958485988513,-7.079,7.949895848598851
8,41.0,1,20.0,0.0,6,2,-6.502400000000001,0.013639999999999987,1.5567199999999997,0.17927999999999972,35.0,28.14,0,16.319999999999993,1440.0,8.0,-5.7836,-0.10280000000000002,-1.0,-0.18,15.925999999999998,-1.8312000000000002,-32.5228,0,1,0,100.0,-0.7815144325584421,-6.502400000000001,5.720885567441559
8,42.0,1,20.0,0.0,6,2,-6.2948,0.015080000000000008,0.9296800000000025,0.32483999999999974,35.0,28.14,0,18.0,1440.0,8.0,-5.5648,-0.09680000000000001,-1.0032,-0.18,16.520799999999998,-1.6408000000000007,-33.956399999999995,0,1,0,100.0,-0.8640203550572819,-6.2948,5.430779644942718
8,43.0,1,20.0,0.0,6,2,-6.129200000000001,0.01232000000000001,-0.08277999999999605,0.4338599999999996,35.0,28.14,0,18.0,1440.0,8.0,-5.3992,-0.09220000000000002,-1.0078,-0.18,16.9532,-1.3832000000000009,-35.11559999999999,0,1,0,100.0,-0.7058840036011748,-6.129200000000001,5.423315996398826
8,44.0,1,20.0,0.23999999999999774,6,2,-5.958800000000001,0.009800000000000012,-0.49692000000000064,0.3919200000000009,35.0,28.14,0,18.24,1440.0,8.0,-5.236000000000001,-0.09,-1.0124,-0.1776,17.328,-0.9600000000000029,-36.306,0,1,0,100.0,-0.5614986392282074,-5.958800000000001,5.3973013607717935
8,45.0,1,20.0,0.6999999999999972,6,2,-5.784000000000001,0.0075000000000000145,-0.3626000000000008,0.21160000000000112,35.0,28.14,0,18.699999999999996,1440.0,8.0,-5.075000000000001,-0.09,-1.017,-0.17300000000000004,17.65,-0.38500000000000356,-37.52499999999999,0,1,0,100.0,-0.42971834634811823,-5.784000000000001,5.354281653651882
8,46.0,1,20.0,1.0,6,2,-5.1324000000000005,0.0010400000000000034,-0.23044000000000017,-0.2217599999999997,35.0,28.14,0,19.0,1440.0,8.0,-4.573200000000001,-0.08,-1.03,-0.17,18.1584,3.0219999999999962,-41.7576,0,1,0,100.0,-0.05958761069360581,-5.1324000000000005,5.072812389306395
8,47.0,1,20.0,0.23999999999999774,6,2,-4.272400000000001,-0.002,-0.05971999999999993,-0.3470400000000003,35.0,28.14,0,18.24,1440.0,8.0,-4.523199999999999,-0.08239999999999997,-1.04,-0.17,17.058000000000003,11.185599999999985,-44.9904,0,1,0,100.0,0.11459155902616465,-4.272400000000001,4.386991559026166
8,48.0,1,20.0,0.9200000000000017,6,2,-3.859200000000001,-0.002,-0.07308000000000017,-0.2435600000000001,35.0,28.14,0,18.92,1440.0,8.0,-4.930799999999998,-0.09159999999999996,-1.0408,-0.17,15.922800000000004,16.48359999999999,-44.7824,0,1,0,100.0,0.11459155902616465,-3.859200000000001,3.9737915590261657
8,49.0,1,20.0,0.46000000000000224,6,2,-3.6246000000000014,-0.002,-0.027540000000000224,-0.21228000000000016,35.0,28.14,0,18.46,1440.0,8.0,-5.395399999999998,-0.10079999999999996,-1.0454,-0.17,15.076400000000005,19.89679999999998,-43.76120000000001,0,1,0,100.0,0.11459155902616465,-3.6246000000000014,3.739191559026166
8,50.0,1,20.0,2.786659791809143e-15,6,2,-3.3900000000000015,-0.002,0.017999999999999725,-0.1810000000000002,35.0,28.14,0,18.000000000000004,1440.0,8.0,-5.859999999999998,-0.10999999999999995,-1.05,-0.17,14.230000000000006,23.309999999999977,-42.74000000000001,0,1,0,100.0,0.11459155902616465,-3.3900000000000015,3.5045915590261663
8,51.0,1,20.0,0.9199999999999989,6,2,-2.9024000000000005,-0.002,0.07871999999999993,-0.17732,35.0,28.14,0,18.919999999999998,1440.0,8.0,-7.322799999999998,-0.13759999999999997,-1.05,-0.17,12.187600000000002,30.37559999999999,-38.5816,0,1,0,100.0,0.11459155902616465,-2.9024000000000005,3.0169915590261653
8,52.0,1,20.0,1.0,6,2,-2.0648000000000004,-0.002,0.029260000000000168,-0.19890000000000002,35.0,28.14,0,19.0,1448.4,8.419999999999998,-10.471799999999998,-0.19679999999999995,-1.05,-0.18,8.515800000000002,39.4796,-28.27900000000001,0,1,0,100.0,0.11459155902616465,-2.0648000000000004,2.179391559026165
8,53.0,1,20.0,1.0,1,5,-1.807200000000001,-0.002,-0.03835999999999975,-0.19660000000000002,35.0,28.14,0,19.0,1457.6,8.879999999999999,-11.525199999999996,-0.21519999999999995,-1.05,-0.18,7.361200000000004,41.4944,-24.576000000000015,0,1,0,100.0,0.11459155902616465,-1.807200000000001,1.9217915590261656
8,54.0,1,20.0,0.3200000000000045,1,5,-1.3524000000000025,-0.002,0.006559999999999579,-0.15044000000000032,35.0,28.0924,0,19.0,1460.0,9.0,-13.32319999999999,-0.24719999999999984,-1.05,-0.18679999999999997,5.366800000000011,42.6524,-17.666800000000038,0,1,0,100.0,0.11459155902616465,-1.3524000000000025,1.466991559026167
8,55.0,1,20.0,0.0,1,5,-0.8340000000000032,0.021999999999999773,2.073599999999981,-0.7823999999999938,35.0,28.07,0,19.0,1460.0,9.0,-15.203999999999988,-0.28399999999999975,-1.044,-0.19,3.1600000000000135,41.21600000000002,-9.788000000000048,0,1,0,100.0,-1.2605071492877982,-0.8340000000000032,-0.426507149287795
8,56.0,1,20.0,0.0,1,6,-0.3344000000000036,0.06399999999999965,3.217240000000003,-1.455639999999997,35.0,28.0336,0,19.0,1460.0,9.0,-16.73399999999999,-0.3155999999999998,-1.04,-0.19519999999999993,1.1436000000000142,36.794400000000046,-2.458400000000052,0,1,0,100.0,-3.666929888837249,-0.3344000000000036,-3.332529888837245
8,57.0,1,20.0,0.0,1,6,0.609199999999999,0.14451999999999993,2.364720000000002,-2.2598399999999983,35.0,27.9524,0,19.0,1460.0,9.0,-18.3492,-0.3444,-1.04,-0.2,-2.162799999999997,20.99240000000002,9.969599999999987,0,1,0,100.0,-8.280386055230654,0.609199999999999,-8.889586055230653
8,58.0,1,20.0,0.0,1,6,0.9165999999999983,0.16785999999999987,1.891740000000001,-2.6830999999999987,35.0,27.93,0,19.0,1460.0,9.0,-18.3672,-0.3482,-1.04,-0.2,-3.131599999999995,14.00840000000004,13.766399999999981,0,1,0,100.0,-9.617669549065992,0.9165999999999983,-10.534269549065991
8,59.0,1,20.0,0.0,1,6,1.086799999999999,0.18027999999999994,1.7735200000000007,-2.818799999999999,35.0,27.93,0,19.0,1460.0,9.0,-18.1556,-0.3436,-1.04,-0.2,-3.646799999999997,9.81320000000002,15.82719999999999,0,1,0,100.0,-10.329283130618478,1.086799999999999,-11.416083130618476
8,60.0,1,20.0,0.0,1,6,1.55,0.21559999999999999,1.2566,-3.367,35.0,27.892,0,19.0,1460.0,9.0,-16.66,-0.314,-1.04,-0.202,-5.3,-2.17,22.09,0,1,0,100.0,-12.352970063020548,1.55,-13.902970063020549
8,61.0,1,20.0,0.0,1,6,1.7143999999999997,0.23059999999999997,1.0443200000000001,-3.6186000000000003,35.0,27.86,0,19.0,1460.0,9.0,-15.385200000000005,-0.28840000000000005,-1.04,-0.21,-6.230399999999997,-6.702799999999993,25.10479999999999,0,1,0,100.0,-13.212406755716781,1.7143999999999997,-14.92680675571678
8,62.0,1,20.0,0.0,1,6,1.7481333333333333,0.2352,1.0237733333333334,-3.6155333333333335,35.0,27.86,0,19.0,1460.0,9.0,-14.811733333333335,-0.27613333333333334,-1.04,-0.21,-6.616799999999999,-7.720933333333331,26.138266666666663,0,1,0,100.0,-13.475967341476961,1.7481333333333333,-15.224100674810295
8,63.0,1,20.0,0.0,1,6,1.7818666666666663,0.23979999999999996,1.003226666666667,-3.6124666666666667,35.0,27.86,0,19.0,1460.0,9.0,-14.238266666666673,-0.2638666666666668,-1.04,-0.21,-7.003199999999996,-8.739066666666657,27.17173333333332,0,1,0,100.0,-13.73952792723714,1.7818666666666663,-15.521394593903805
8,64.0,1,20.0,0.0,1,6,1.8155999999999999,0.24439999999999998,0.9826800000000001,-3.6094,35.0,27.86,0,19.0,1460.0,9.0,-13.664800000000003,-0.25160000000000005,-1.04,-0.21,-7.389599999999999,-9.757199999999996,28.205199999999994,0,1,0,100.0,-14.00308851299732,1.8155999999999999,-15.81868851299732
8,65.0,1,20.0,0.0,1,6,1.696,0.26980000000000004,0.4246,-4.2634,35.0,27.79,0,19.0,1460.0,9.0,-8.208,-0.15,-1.03,-0.21,-11.122,-11.73,34.95,0,1,0,100.0,-15.458401312629613,1.696,-17.154401312629613
8,66.0,1,20.0,0.0,1,6,1.6224000000000005,0.27302,0.35284000000000054,-4.335159999999999,35.0,27.79,0,19.0,1460.0,9.0,-7.113200000000008,-0.12700000000000017,-1.03,-0.21,-11.871799999999995,-11.684000000000001,35.916,0,1,0,100.0,-15.642893722661736,1.6224000000000005,-17.265293722661735
8,67.0,1,20.0,0.0,1,6,1.1388000000000007,0.2822,0.4049200000000003,-4.28904,35.0,27.79,0,19.0,1460.0,9.0,-2.8212000000000055,-0.04800000000000011,-1.0236,-0.21,-14.666399999999998,-11.6796,37.9128,0,1,0,100.0,-16.16886897859183,1.1388000000000007,-17.30766897859183
8,68.0,1,20.0,0.0,1,6,0.9108000000000018,0.28539999999999993,0.3237600000000006,-4.324559999999999,35.0,27.7816,0,19.0,1460.0,9.0,-1.2808000000000108,-0.01880000000000018,-1.0172,-0.20720000000000005,-15.593599999999993,-11.813999999999998,38.007600000000004,0,1,0,100.0,-16.35221547303369,0.9108000000000018,-17.263015473033693
8,69.0,1,20.0,0.0,3,7,0.7314000000000009,0.28769999999999996,0.2625800000000003,-4.40598,35.0,27.7678,0,19.0,1460.0,9.0,-0.18140000000000525,-0.00040000000000008925,-1.0126,-0.20260000000000003,-16.223799999999997,-11.951999999999998,37.8558,0,1,0,100.0,-16.483995765913782,0.7314000000000009,-17.215395765913783
8,70.0,1,20.0,0.0,3,7,0.08199999999999999,0.29259999999999997,0.2102,-4.4972,35.0,27.766000000000002,0,19.0,1460.0,9.0,3.2239999999999998,0.058,-0.996,-0.198,-17.97,-12.293999999999999,36.242,0,1,0,100.0,-16.764745085527885,0.08199999999999999,-16.846745085527886
8,71.0,1,20.0,0.0,3,7,-0.14339999999999833,0.29397999999999996,0.1830600000000002,-4.53906,35.0,27.7798,0,19.0,1460.0,9.0,4.2451999999999925,0.07639999999999986,-0.9868,-0.19340000000000004,-18.429999999999996,-12.3032,35.372600000000006,0,1,0,100.0,-16.84381326125594,-0.14339999999999833,-16.70041326125594
8,72.0,1,20.0,0.0,3,7,-0.4371999999999988,0.29524,0.1334800000000003,-4.5916,35.0,27.782799999999998,0,19.0,1460.0,9.0,5.489599999999996,0.09719999999999993,-0.9776,-0.18760000000000002,-18.964399999999998,-12.223600000000001,34.122800000000005,0,1,0,100.0,-16.916005943442425,-0.4371999999999988,-16.478805943442428
8,73.0,1,20.0,0.8400000000000091,3,7,-1.479599999999995,0.29684,0.04292000000000035,-4.5622000000000025,35.0,27.7964,0,19.84000000000001,1460.0,9.0,9.093199999999985,0.1531999999999998,-0.9568000000000001,-0.1684000000000001,-20.243999999999996,-11.145600000000007,28.51880000000003,0,1,0,100.0,-17.007679190663357,-1.479599999999995,-15.528079190663362
8,74.0,1,20.0,0.03999999999999773,3,7,-1.9723999999999986,0.29592,0.006440000000000259,-4.36548,35.0,27.83,0,19.04,1460.0,9.0,10.417599999999997,0.17079999999999998,-0.9396,-0.16,-20.589599999999997,-10.406400000000001,25.36360000000001,0,1,0,100.0,-16.954967073511323,-1.9723999999999986,-14.982567073511325
8,75.0,1,20.0,0.5,3,7,-2.23,0.295,-0.04599999999999999,-4.325,35.0,27.83,0,19.5,1460.0,9.0,10.965,0.18000000000000002,-0.9349999999999999,-0.16,-20.7,-10.02,23.564999999999998,0,1,0,100.0,-16.902254956359286,-2.23,-14.672254956359286
8,76.0,1,20.0,0.9599999999999966,3,7,-2.487599999999998,0.29408,-0.0984399999999996,-4.28452,35.0,27.83,0,19.959999999999997,1460.0,9.0,11.512399999999996,0.18919999999999992,-0.9304000000000001,-0.16,-20.810399999999998,-9.633600000000003,21.76640000000001,0,1,0,100.0,-16.84954283920725,-2.487599999999998,-14.361942839207252
8,77.0,1,20.0,0.0,3,7,-3.486799999999999,0.28128000000000003,-0.6500399999999993,-4.031840000000001,35.0,27.8936,0,19.0,1460.0,9.0,12.811599999999999,0.20839999999999997,-0.9116000000000001,-0.1516,-21.064,-8.401200000000001,14.12480000000001,0,1,0,100.0,-16.116156861439798,-3.486799999999999,-12.629356861439799
8,78.0,1,20.0,0.0,3,7,-3.7523999999999975,0.2743000000000001,-0.9273799999999972,-4.03726,35.0,27.9114,0,19.0,1460.0,9.0,12.8938,0.21,-0.91,-0.15,-21.064799999999998,-8.146600000000003,12.077800000000018,0,1,0,100.0,-15.716232320438486,-3.7523999999999975,-11.963832320438488
8,79.0,1,20.0,0.0,3,7,-3.973199999999999,0.2674,-1.2038399999999987,-4.07268,35.0,27.9252,0,19.0,1460.0,9.0,12.8984,0.21,-0.91,-0.15,-21.0464,-7.948800000000001,10.380400000000009,0,1,0,100.0,-15.320891441798215,-3.973199999999999,-11.347691441798217
8,80.0,1,20.0,0.0,3,7,-4.182,0.2575,-1.5109000000000001,-4.0274,35.0,27.951,0,19.0,1460.0,9.0,12.675,0.207,-0.913,-0.15,-20.848,-8.003,8.886999999999999,0,1,0,100.0,-14.753663224618698,-4.182,-10.571663224618698
8,81.0,1,20.0,0.0,3,7,-4.3843999999999985,0.24600000000000008,-1.8342799999999977,-3.9390800000000006,35.0,27.9832,0,19.0,1460.0,9.0,12.330000000000004,0.20240000000000005,-0.9176,-0.15,-20.5536,-8.191599999999998,7.50240000000001,0,1,0,100.0,-14.094761760218256,-4.3843999999999985,-9.710361760218259
8,82.0,1,20.0,1.0,3,7,-5.029599999999999,0.1589200000000002,-4.963199999999994,-4.046080000000002,35.0,28.1492,0,20.0,1460.0,9.0,9.658400000000006,0.15680000000000008,-0.9388,-0.14560000000000003,-18.192000000000004,-10.859999999999994,4.698400000000001,0,1,0,100.0,-9.105445280219055,-5.029599999999999,-4.075845280219055
8,83.0,1,20.0,1.0,3,7,-5.5791999999999975,-0.029879999999999022,-7.22356,-2.651960000000007,35.0,28.28,0,20.0,1460.0,9.0,5.182400000000022,0.08560000000000037,-0.9871999999999999,-0.1264000000000001,-13.888000000000021,-16.053999999999977,6.965199999999972,0,1,0,100.0,1.7119978918508438,-5.5791999999999975,7.2911978918508416
8,84.0,1,20.0,0.8600000000000023,3,7,-5.7452,-0.11355999999999977,-7.1448800000000015,-2.019460000000002,35.0,28.270200000000003,0,19.860000000000003,1460.0,9.0,3.339000000000005,0.055800000000000065,-1.0028,-0.11720000000000004,-12.006400000000005,-17.750999999999998,9.538999999999989,0,1,0,100.0,6.506508721505615,-5.7452,12.251708721505615
8,85.0,1,20.0,0.40000000000000563,3,7,-5.827999999999999,-0.16139999999999943,-6.842200000000004,-1.6004000000000052,35.0,28.238000000000003,0,19.400000000000006,1460.0,9.0,2.350000000000012,0.04200000000000017,-1.0119999999999998,-0.10800000000000011,-10.976000000000013,-18.279999999999994,11.539999999999974,0,1,0,100.0,9.247538813411454,-5.827999999999999,15.075538813411454
8,86.0,1,20.0,0.0,3,7,-6.052,-0.2816399999999999,-3.074480000000023,0.2270399999999934,35.0,28.11,0,19.0,1460.0,9.0,-0.38239999999999136,-0.0035999999999997956,-1.0324,-0.08880000000000006,-7.868800000000012,-18.610400000000006,18.61119999999997,0,1,0,100.0,16.1367833420645,-6.052,22.1887833420645
8,87.0,1,20.0,0.0,3,7,-6.1418,-0.3007,-0.09578000000000196,1.061440000000001,35.0,28.110599999999998,0,19.0,1460.0,9.0,-1.517599999999999,-0.030199999999999987,-1.0502,-0.08,-6.289200000000002,-17.8546,22.418999999999997,0,1,0,100.0,17.228840899583854,-6.1418,23.370640899583854
8,88.0,1,20.0,0.0,3,7,-6.183199999999999,-0.29380000000000006,0.6912799999999921,0.6805600000000038,35.0,28.1244,0,19.0,1460.0,9.0,-1.922399999999996,-0.034799999999999956,-1.0548,-0.08,-5.580800000000007,-17.270400000000006,23.775999999999986,0,1,0,100.0,16.83350002094359,-6.183199999999999,23.01670002094359
8,89.0,1,20.0,0.0,3,7,-6.224600000000001,-0.2869,1.4783399999999958,0.29968000000000183,35.0,28.1382,0,19.0,1460.0,9.0,-2.327199999999998,-0.03939999999999998,-1.0594000000000001,-0.08,-4.872400000000003,-16.686200000000003,25.132999999999992,0,1,0,100.0,16.438159142303316,-6.224600000000001,22.662759142303315
8,90.0,1,20.0,0.7999999999999887,3,7,-6.293999999999999,-0.26840000000000025,1.3322000000000036,-0.21719999999999343,35.0,28.14,0,19.79999999999999,1460.0,9.0,-2.859999999999993,-0.05599999999999977,-1.0679999999999998,-0.08,-3.7640000000000144,-15.442000000000016,26.461999999999982,0,1,0,100.0,15.37818722131131,-6.293999999999999,21.672187221311308
8,91.0,1,20.0,0.2800000000000068,3,7,-6.3675999999999995,-0.2553600000000001,0.6889600000000056,-0.6752799999999968,35.0,28.14,0,19.28000000000001,1460.0,9.0,-3.289599999999997,-0.06,-1.07,-0.08,-2.782800000000007,-14.062800000000012,26.8364,0,1,0,100.0,14.631050256460707,-6.3675999999999995,20.998650256460706
8,92.0,1,20.0,0.0,3,7,-6.4475999999999996,-0.25072,0.16988000000000106,-0.9327999999999995,35.0,28.1208,0,19.0,1460.0,9.0,-3.633999999999999,-0.06639999999999999,-1.0764,-0.08,-2.007200000000002,-12.667200000000003,26.332400000000003,0,1,0,100.0,14.36519783952,-6.4475999999999996,20.81279783952
8,93.0,1,20.0,0.0,3,7,-6.5108,-0.25,-0.01655999999999965,-0.9671600000000005,35.0,28.11,0,19.0,1460.0,9.0,-3.866399999999998,-0.07279999999999996,-1.0772000000000002,-0.08279999999999996,-1.5592000000000028,-11.694400000000007,25.607200000000006,0,1,0,100.0,14.32394487827058,-6.5108,20.83474487827058
8,94.0,1,20.0,0.0,3,7,-6.5614,-0.25,-0.051979999999999825,-0.9082800000000003,35.0,28.11,0,19.0,1460.0,9.0,-4.041199999999999,-0.07739999999999998,-1.0726,-0.08739999999999998,-1.2786000000000015,-10.995200000000002,24.912600000000005,0,1,0,100.0,14.32394487827058,-6.5614,20.88534487827058
8,95.0,1,20.0,0.0,3,7,-6.793999999999999,-0.25,0.07019999999999854,-0.7768000000000012,35.0,28.14,0,19.0,1460.0,9.0,-4.853999999999993,-0.09399999999999989,-1.07,-0.10399999999999988,-0.38200000000000583,-8.528000000000016,21.566000000000027,0,1,0,100.0,14.32394487827058,-6.793999999999999,21.117944878270578
8,96.0,1,20.0,0.0,3,7,-7.133999999999999,-0.24212000000000006,0.6048799999999981,-0.5667199999999999,35.0,28.14,0,19.0,1460.0,9.0,-6.199199999999995,-0.11319999999999993,-1.0568000000000002,-0.12319999999999993,0.6031999999999965,-5.968800000000008,16.29880000000002,0,1,0,100.0,13.872454135707494,-7.133999999999999,21.006454135707493
8,97.0,1,20.0,0.0,3,7,-7.287599999999999,-0.23512,0.79488,-0.5863599999999999,35.0,28.14,0,19.0,1460.0,9.0,-6.818,-0.12159999999999999,-1.0492000000000001,-0.1308,0.9907999999999996,-5.1016,13.874800000000002,0,1,0,100.0,13.471383679115915,-7.287599999999999,20.758983679115914
8,98.0,1,20.0,0.0,3,7,-7.355066666666666,-0.23174666666666668,0.7829200000000002,-0.6069066666666665,35.0,28.14,0,19.0,1460.0,9.0,-7.078666666666664,-0.12773333333333328,-1.0461333333333334,-0.13386666666666663,1.1471999999999984,-4.80106666666667,12.819866666666677,0,1,0,100.0,13.278105916225119,-7.355066666666666,20.633172582891785
8,99.0,1,20.0,0.0,3,7,-7.422533333333333,-0.22837333333333334,0.7709600000000001,-0.6274533333333332,35.0,28.14,0,19.0,1460.0,9.0,-7.3393333333333315,-0.13386666666666663,-1.0430666666666668,-0.13693333333333332,1.3035999999999992,-4.500533333333335,11.764933333333339,0,1,0,100.0,13.084828153334321,-7.422533333333333,20.507361486667655
8,100.0,1,20.0,0.0,3,7,-7.97,-0.205,0.604,-0.672,35.0,28.11,0,19.0,1460.0,9.0,-9.21,-0.17,-1.02,-0.15,2.45,-2.83,3.5,0,1,0,100.0,11.745634800181875,-7.97,19.715634800181874
