gait_percent,walk_dt_ms_mean,walk_dt_ms_sd,walk_exec_ms_mean,walk_exec_ms_sd,walk_tilt_forward_deg_mean,walk_tilt_forward_deg_sd,walk_pos_rad_mean,walk_pos_rad_sd,walk_vel_rad_s_mean,walk_vel_rad_s_sd,walk_tq_nm_mean,walk_tq_nm_sd,walk_temp_c_mean,walk_temp_c_sd,walk_vbus_v_mean,walk_vbus_v_sd,walk_fb_age_ms_mean,walk_fb_age_ms_sd,walk_typical_stride_ms_mean,walk_typical_stride_ms_sd,walk_effective_step_count_mean,walk_effective_step_count_sd,walk_tilt_accel_deg_mean,walk_tilt_accel_deg_sd,walk_acc_x_mean,walk_acc_x_sd,walk_acc_y_mean,walk_acc_y_sd,walk_acc_z_mean,walk_acc_z_sd,walk_gyr_x_mean,walk_gyr_x_sd,walk_gyr_y_mean,walk_gyr_y_sd,walk_gyr_z_mean,walk_gyr_z_sd,cfg_assist_pct_mean,cfg_assist_pct_sd,ankle_joint_angle_deg_mean,ankle_joint_angle_deg_sd,leg_tilt_angle_deg_mean,leg_tilt_angle_deg_sd,foot_tilt_angle_deg_mean,foot_tilt_angle_deg_sd
0.0,20.0,0.0,0.0,0.0,-5.775,1.6051323932934634,0.0855,0.10960155108391488,-5.7059999999999995,1.1327850634608487,-3.0460000000000003,0.32244069222106564,33.0,0.0,28.265,0.02121320343559723,19.0,0.0,0.0,0.0,2.5,0.7071067811865476,8.185,0.6576093065034896,0.14,0.014142135623730944,-0.96,0.028284271247461926,-0.15000000000000002,0.014142135623730944,-22.25,1.5839191898578677,-16.645,5.946768029778866,2.815,0.03535533905932725,100.0,0.0,-4.8987891483685395,6.279706305195816,-5.775,1.6051323932934634,0.8762108516314608,4.674573911902353
1.0,20.0,0.0,0.0,0.0,-6.0136,1.5041575449400242,0.0023200000000000026,0.13480283676540342,-6.4204,0.8210923943138196,-2.1559,0.1893631960017576,33.0,0.0,28.265,0.02121320343559723,19.0,0.0,0.0,0.0,2.5,0.7071067811865476,6.0786,0.3979596964517891,0.1048,0.007353910524340099,-0.9814,0.026304372260139576,-0.1312,0.02998132752230962,-20.511000000000003,1.8398918446473969,-19.773799999999998,6.867703901596225,3.4386,0.14340125522463204,100.0,0.0,-0.13292620847035108,7.723633613048581,-6.0136,1.5041575449400242,5.880673791529649,6.219476068108558
2.0,20.0,0.0,0.0,0.0,-6.1795,1.399364319968177,-0.12595,0.20796010434696366,-22.91379,13.935957428472578,-0.7855100000000002,1.11087889537969,33.0,0.0,28.2357,0.02022325394193586,15.59,2.248599564173221,0.0,0.0,2.5,0.7071067811865476,4.4816,0.01640487732352798,0.0785,0.0021213203435596446,-1.0039,0.0369109739779378,-0.11739999999999999,0.038749451609022795,-18.9904,2.404728741459211,-21.9132,7.264532227198116,5.3309,1.4977935839093448,100.0,0.0,7.216403429672719,11.915236286181221,-6.1795,1.399364319968177,13.39590342967272,10.515871966213044
3.0,20.0,0.0,0.0,0.0,-6.303,1.3053191180703667,-0.1653,0.14806815998046308,-10.01006,18.625277469267402,-0.3821400000000002,0.5404275707252548,33.0,0.0,28.1798,0.0002828427124739598,14.260000000000002,0.3676955262170057,0.0,0.0,2.5,0.7071067811865476,3.2274000000000003,0.3498764353311038,0.054000000000000006,0.005656854249492385,-1.0146,0.03592102448427666,-0.10360000000000001,0.047517575695735996,-17.5806,3.0979762297345017,-23.1148,6.739010467420273,7.8526,3.4894305437993753,100.0,0.0,9.470992353512509,8.483680647148413,-6.303,1.3053191180703667,15.773992353512508,7.178361529078045
4.0,20.0,0.0,0.1766666666666666,0.22156012477178494,-6.448833333333333,1.4455619630056986,-0.25481333333333334,0.0026210091355981535,1.31209,1.647431520944042,0.0,0.0,33.0,0.0,28.18,0.0,13.176666666666666,1.6357736871448807,0.0,0.0,2.5,0.7071067811865476,0.2826333333333333,3.2866794594071522,0.0013666666666666688,0.059349829167590885,-1.0434333333333332,0.004572623851672975,-0.08823333333333333,0.030499872495179745,-14.374566666666666,0.5073726857273877,-27.842399999999998,0.10238906191581211,13.1368,2.30064262326855,100.0,0.0,14.599728563660218,0.150172761535006,-6.448833333333333,1.4455619630056986,21.048561896993554,1.295389201470692
5.0,20.0,0.0,0.5333333333333333,0.18856180831641264,-6.481666666666666,1.4259986753928708,-0.24776666666666666,0.006269680126520698,0.9627999999999999,1.1754943130445166,0.0,0.0,33.0,0.0,28.18,0.0,13.533333333333333,1.6027753706895072,0.0,0.0,2.5,0.7071067811865476,-0.20233333333333325,3.4445528334200683,-0.007666666666666669,0.06269680126520721,-1.0486666666666666,0.006599663291074502,-0.08466666666666667,0.03016988933062602,-13.626333333333333,0.6368675075886834,-28.308,0.9164103884177651,14.336,2.3136533880423826,100.0,0.0,14.195984304024698,0.35922621014668393,-6.481666666666666,1.4259986753928708,20.67765097069136,1.7852248855395554
6.0,20.0,0.0,0.8899999999999999,0.1555634918610406,-6.5945,1.2932983027901952,-0.23922,0.017281689732199214,0.033010000000000005,0.11739386781259062,0.0,0.0,33.0,0.0,28.16,0.028284271247461298,13.89,1.5697770542341358,0.0,0.0,2.5,0.7071067811865476,-1.4022999999999997,2.591263510336222,-0.026699999999999998,0.05190163773909258,-1.0639,0.022768838354206837,-0.0761,0.036910973977937786,-10.848099999999999,2.104491202167403,-27.3086,3.8022545837963024,17.6052,0.6007579212960925,100.0,0.0,13.706296375119553,0.990167884509584,-6.5945,1.2932983027901952,20.300796375119553,2.28346618729978
7.0,20.0,0.0,0.8400000000000002,0.22627416997969493,-6.6548,1.237154024363983,-0.23886000000000002,0.015358359287371805,0.1298599999999999,0.23738988857994758,0.0,0.0,33.0,0.0,28.18,0.0,13.84,1.6404877323527904,0.0,0.0,2.5,0.7071067811865476,-2.2459999999999996,2.3843640661610377,-0.043199999999999995,0.04695189027078675,-1.0682,0.01668772003600257,-0.0784,0.026021529547664957,-8.6054,3.656307744159401,-25.6822,7.710575184770591,18.4454,0.03478965363437744,100.0,0.0,13.685669894494843,0.8799691674119551,-6.6548,1.237154024363983,20.340469894494845,2.1171231917759368
8.0,20.0,0.0,1.0,0.0,-6.6854000000000005,1.252144688125138,-0.23186,0.005458864350760131,0.31815,0.5086219077074836,0.0,0.0,33.0,0.0,28.18,0.0,14.0,1.4142135623730951,0.0,0.0,2.5,0.7071067811865476,-3.1001000000000003,3.2174772757550287,-0.0577,0.06038691911333116,-1.08,0.0,-0.0775,0.017677669529663684,-6.6216,1.699319016547511,-25.9574,9.754396625112182,18.9334,1.0796106335156217,100.0,0.0,13.284599437903267,0.31276988823297747,-6.6854000000000005,1.252144688125138,19.96999943790327,1.5649145763581156
9.0,20.0,0.0,1.0,0.0,-6.6992,1.2433765640384251,-0.23053,0.003577960312803917,0.25370000000000004,0.42242559108084354,0.0,0.0,33.0,0.0,28.18,0.0,14.0,1.4142135623730951,0.0,0.0,2.5,0.7071067811865476,-3.3048,3.132200197943931,-0.0621,0.059538390975907296,-1.08,0.0,-0.08,0.014142135623730944,-6.004300000000001,1.6748531219184564,-25.3002,10.479605339897109,18.578200000000002,1.0015460448726254,100.0,0.0,13.208396051150867,0.20500202518897315,-6.6992,1.2433765640384251,19.90759605115087,1.4483785892273984
10.0,20.0,0.0,1.0,0.0,-6.758,1.1709688296449232,-0.22920000000000001,0.0016970562748477038,0.1975,0.3245620125646253,0.0,0.0,33.0,0.0,28.16,0.028284271247461298,14.0,1.4142135623730951,0.0,0.0,2.5,0.7071067811865476,-4.0520000000000005,2.27971226254543,-0.079,0.04101219330881975,-1.0750000000000002,0.007071067811865481,-0.09,0.0,-4.787,2.498915364713259,-23.008000000000003,13.517053229162045,17.363,2.139705119870494,100.0,0.0,13.132192664398469,0.09723416214496759,-6.758,1.1709688296449232,19.89019266439847,1.268202991789892
11.0,20.0,0.0,1.0,0.0,-6.7847,1.159230857077226,-0.22721000000000002,0.0010040916292849008,0.25753000000000004,0.05519675533942197,0.0,0.0,33.0,0.0,28.16,0.028284271247461298,14.0,1.4142135623730951,0.0,0.0,2.5,0.7071067811865476,-4.3288,2.0771968804136023,-0.0825,0.038890872965260115,-1.0743,0.013152186130069904,-0.0925,0.0035355339059327407,-4.1815999999999995,2.1801516277543636,-22.259,13.857878697693959,16.5748,1.986687212421725,100.0,0.0,13.018174063167436,0.057530212602439096,-6.7847,1.159230857077226,19.802874063167437,1.2167610696796651
12.0,20.0,0.0,1.0,0.0,-6.8165,1.154705373677632,-0.22544,0.0006222539674441561,0.32070000000000004,0.20972787129992992,0.0,0.0,33.0,0.0,28.16,0.028284271247461298,14.0,1.4142135623730951,0.0,0.0,2.5,0.7071067811865476,-4.5912,1.8543168229836025,-0.08499999999999999,0.03535533905932738,-1.0750000000000002,0.021213203435596444,-0.095,0.007071067811865481,-3.5173,1.7780907119716929,-21.3251,13.937216078543088,15.563100000000002,1.5175925737825697,100.0,0.0,12.91676053342928,0.0356525261198212,-6.8165,1.154705373677632,19.73326053342928,1.1903578997974527
13.0,20.0,0.0,1.0,0.0,-6.839333333333333,1.1492842216885355,-0.22339333333333333,0.002441875417697546,0.34813333333333335,0.33450864795331603,0.0,0.0,33.0,0.0,28.166666666666664,0.018856180831641704,14.0,1.4142135623730951,0.0,0.0,2.5,0.7071067811865476,-4.7538,1.6458617438898082,-0.08833333333333333,0.030641293851417062,-1.0733333333333333,0.023570226039551657,-0.09666666666666666,0.009428090415820635,-3.1952,1.6478416428771308,-20.68906666666667,13.853258933390205,14.856066666666667,1.3190841300774647,100.0,0.0,12.79949517135917,0.1399091555308141,-6.839333333333333,1.1492842216885355,19.638828504692505,1.2891933772193496
14.0,20.0,0.0,1.0,0.0,-6.862166666666667,1.1438630696994376,-0.22134666666666666,0.004261496867950936,0.37556666666666666,0.4592894246067021,0.0,0.0,33.0,0.0,28.173333333333332,0.009428090415819596,14.0,1.4142135623730951,0.0,0.0,2.5,0.7071067811865476,-4.9164,1.4374066647960142,-0.09166666666666667,0.025927248643506744,-1.0716666666666668,0.025927248643506713,-0.09833333333333333,0.0117851130197758,-2.8731000000000004,1.5175925737825686,-20.05303333333333,13.769301788237325,14.149033333333332,1.1205756863723622,100.0,0.0,12.682229809289062,0.244165784941807,-6.862166666666667,1.1438630696994376,19.54439647595573,1.388028854641244
15.0,20.0,0.0,1.0,0.0,-7.038,1.0436896090313441,-0.20850000000000002,0.02333452377915607,0.3418,0.45565960979661124,0.0,0.0,33.0,0.0,28.16,0.028284271247461298,14.0,1.4142135623730951,0.0,0.0,2.5,0.7071067811865476,-6.058,0.1442497833620555,-0.11,0.0,-1.058,0.039597979746446695,-0.112,0.025455844122715714,-1.595,1.4919953083036153,-16.589,13.56089384959561,9.845,2.4253762594698576,100.0,0.0,11.946170028477665,1.3369697294933025,-7.038,1.0436896090313441,18.984170028477664,2.380659338524646
16.0,20.0,0.0,1.0,0.0,-7.2498,0.9755245153249609,-0.19996,0.03671298407920556,0.16496,0.31966883363881443,0.0,0.0,33.0,0.0,28.18,0.0,14.0,1.4142135623730951,0.0,0.0,2.5,0.7071067811865476,-6.9954,1.2510133172752402,-0.1254,0.020647518010647202,-1.0446,0.0489317892581092,-0.1254,0.020647518010647202,-0.8406,1.2594985986494787,-13.414800000000001,11.857897877785929,5.4436,4.544716704042178,100.0,0.0,11.456864071435941,2.103499041069463,-7.2498,0.9755245153249609,18.70666407143594,3.079023556394424
17.0,20.0,0.0,0.75,0.3535533905932738,-7.3050999999999995,0.9618066437699418,-0.19802000000000003,0.03891915723650758,0.20626999999999998,0.3248872816839712,0.0,0.0,33.0,0.0,28.18,0.0,13.75,1.0606601717798212,0.0,0.0,2.5,0.7071067811865476,-7.2148,1.4215674728974357,-0.1298,0.021496046148071043,-1.0427,0.046244783489600295,-0.1298,0.021496046148071043,-0.7072000000000002,1.25469027253741,-12.7276,11.416380403613047,4.415700000000001,5.240651198085979,100.0,0.0,11.345710259180564,2.22990345185792,-7.3050999999999995,0.9618066437699418,18.650810259180563,3.1917100956278626
18.0,20.0,0.0,0.5,0.7071067811865476,-7.3604,0.9480887722149234,-0.19608,0.0411253303938096,0.24757999999999994,0.3301057297291279,0.0,0.0,33.0,0.0,28.18,0.0,13.5,0.7071067811865476,0.0,0.0,2.5,0.7071067811865476,-7.434200000000001,1.592121628519631,-0.13419999999999999,0.022344574285494904,-1.0408,0.0435577777210914,-0.13419999999999999,0.022344574285494904,-0.5738000000000001,1.2498819464253417,-12.040400000000002,10.97486292944017,3.3878000000000004,5.936585692129779,100.0,0.0,11.234556446925183,2.356307862646378,-7.3604,0.9480887722149234,18.59495644692518,3.304396634861303
19.0,20.0,0.0,0.5,0.7071067811865476,-7.5336,0.8111928993772077,-0.18834,0.04997830729426518,0.23808000000000012,0.021100066350606423,0.0,0.0,33.0,0.0,28.18,0.0,13.5,0.7071067811865476,0.0,0.0,2.5,0.7071067811865476,-8.013,2.1029355672487924,-0.1472,0.03224406922210657,-1.0328,0.04638620484583759,-0.14,0.02828427124746191,-0.2049999999999999,1.534421715174808,-10.706199999999999,10.68608052000358,0.20399999999999974,9.311182094664458,100.0,0.0,10.791087113493925,2.8635460751692907,-7.5336,0.8111928993772077,18.324687113493923,3.6747389745464996
20.0,20.0,0.0,0.5,0.7071067811865476,-7.661333333333333,0.9305525240414977,-0.17896666666666666,0.039550839294367555,0.7629666666666667,0.5830802517664271,0.0,0.0,33.0,0.0,28.18,0.0,13.5,0.7071067811865476,0.0,0.0,2.5,0.7071067811865476,-8.472,1.5810907627331208,-0.15066666666666667,0.02734146220587985,-1.0230000000000001,0.03724095714249156,-0.14700000000000002,0.02309882151876054,-0.00933333333333336,1.4085567081236028,-8.680333333333333,8.019062303176241,-1.3376666666666663,8.23873680986486,100.0,0.0,10.254034673524632,2.266096167767436,-7.661333333333333,0.9305525240414977,17.915368006857967,3.196648691808933
21.0,20.0,0.0,0.5,0.7071067811865476,-7.700733333333334,0.9249899506961629,-0.17593999999999999,0.03809891337033119,0.7914066666666666,0.48517896088854556,0.0,0.0,33.0,0.0,28.18,0.0,13.5,0.7071067811865476,0.0,0.0,2.5,0.7071067811865476,-8.6006,1.526502119225519,-0.1532,0.023758787847868012,-1.0200666666666667,0.03780664256744074,-0.14993333333333336,0.023664506943709793,0.05286666666666662,1.4714420711971263,-8.345600000000001,7.74366778213012,-1.9611333333333332,8.464822418036242,100.0,0.0,10.080619447531703,2.182906940154519,-7.700733333333334,0.9249899506961629,17.78135278086504,3.1078968908506823
22.0,20.0,0.0,0.5,0.7071067811865476,-7.845133333333333,0.7709349533016537,-0.16541333333333336,0.04725358916409302,0.7108466666666667,0.5414269483093316,0.0,0.0,33.0,0.0,28.18,0.0,13.5,0.7071067811865476,0.0,0.0,2.5,0.7071067811865476,-8.8442,1.6345480353908235,-0.15573333333333333,0.020176113489856172,-1.0171333333333332,0.038372327992389994,-0.15286666666666668,0.024230192368659028,0.4500666666666667,2.0080889776656368,-7.700866666666667,7.906679465419659,-4.4646,11.349629523469039,100.0,0.0,9.477485875190657,2.7074312259476496,-7.845133333333333,0.7709349533016537,17.32261920852399,3.478366179249302
23.0,20.0,0.0,0.5,0.7071067811865476,-7.882866666666667,0.7677294025602744,-0.16188666666666668,0.0465087700212432,0.7059533333333333,0.49066610951055323,0.0,0.0,33.0,0.0,28.17,0.014142135623730649,13.5,0.7071067811865476,0.0,0.0,2.5,0.7071067811865476,-8.9253,1.5127842476704998,-0.15826666666666667,0.016593439131844332,-1.0158666666666667,0.03658099081338411,-0.15413333333333334,0.02243885518965311,0.5564333333333333,2.1334354397439723,-7.371133333333335,7.624213876561673,-5.0588999999999995,11.534467236071201,100.0,0.0,9.275422759441188,2.6647562325618037,-7.882866666666667,0.7677294025602744,17.158289426107856,3.432485635122078
24.0,20.0,0.0,0.0,0.0,-8.0572,0.9577054244390606,-0.14472000000000002,0.026474077887624358,0.5973800000000001,0.2932796085649326,0.0,0.0,33.0,0.0,28.16,0.028284271247461298,13.0,1.4142135623730951,0.0,0.0,2.5,0.7071067811865476,-9.6786,0.44038610332298167,-0.1706,0.0008485281374238421,-1.0044,0.020364675298172524,-0.1606,0.01329360748630712,0.7177999999999998,2.181000155891787,-5.3832,4.99669935857662,-8.330999999999998,7.932323871350692,100.0,0.0,8.291845211133275,1.516852929461493,-8.0572,0.9577054244390606,16.349045211133273,2.474558353900554
25.0,20.0,0.0,0.0,0.0,-8.120000000000001,0.9333809511662435,-0.13325,0.035708892449920655,0.7557499999999999,0.052679455198397875,0.0,0.0,33.0,0.0,28.18,0.0,13.0,1.4142135623730951,0.0,0.0,2.5,0.7071067811865476,-9.695,0.16263455967290624,-0.1725,0.003535533905932721,-0.9975,0.024748737341529263,-0.16749999999999998,0.017677669529663684,1.2125000000000001,2.8107494552165266,-4.93,4.949747468305833,-10.125,8.803479425772517,100.0,0.0,7.6346626201182195,2.045968828467024,-8.120000000000001,0.9333809511662435,15.75466262011822,2.9793497796332686
26.0,20.0,0.0,0.0,0.0,-8.145299999999999,0.9620894864824164,-0.12828,0.03575131885679185,0.66162,0.04154959446252148,0.0,0.0,33.0,0.0,28.18,0.0,13.0,1.4142135623730951,0.0,0.0,2.5,0.7071067811865476,-9.7614,0.04440630585851469,-0.1744,0.006222539674441601,-0.9956,0.022061731573020365,-0.1694,0.014990663761154805,1.3697,2.9632016772403458,-4.6468,4.66237927243162,-10.9915,8.362951901093298,100.0,0.0,7.3499025959382,2.0483996825206474,-8.145299999999999,0.9620894864824164,15.495202595938201,3.010489169003065
27.0,20.0,0.0,0.0,0.0,-8.1836,1.0091827981094408,-0.12240000000000001,0.034506810921903525,0.6775999999999998,0.12529932162625598,0.0,0.0,33.0,0.0,28.18,0.0,13.0,1.4142135623730951,0.0,0.0,2.5,0.7071067811865476,-9.8668,0.3066015003224859,-0.175,0.007071067811865462,-0.9924,0.017536248173426333,-0.17259999999999998,0.010465180361560909,1.5672,3.05866109270053,-4.246600000000001,4.209548089759756,-12.294799999999999,7.304695892369514,100.0,0.0,7.013003412401277,1.977094630281005,-8.1836,1.0091827981094408,15.196603412401277,2.986277428390445
28.0,20.0,0.0,0.0,0.0,-8.214,1.0804591616530443,-0.11268,0.036317004281741096,0.8713200000000001,0.002375878784786585,0.0,0.0,33.0,0.0,28.18,0.0,13.0,1.4142135623730951,0.0,0.0,2.5,0.7071067811865476,-9.917,0.646295598004503,-0.1714,0.016122034611053274,-0.99,0.014142135623730963,-0.175,0.007071067811865462,1.9447999999999999,3.3166136464773825,-3.791200000000001,3.7493629965635513,-14.097199999999997,6.382062964277306,100.0,0.0,6.456088435534117,2.080811069902304,-8.214,1.0804591616530443,14.670088435534115,3.1612702315553483
29.0,20.0,0.0,0.0,0.0,-8.243266666666667,1.1454187046180488,-0.10561333333333335,0.03245148721125465,0.7894799999999997,0.043161797923627086,0.0,0.0,33.0,0.0,28.18,0.0,13.0,1.4142135623730951,0.0,0.0,2.5,0.7071067811865476,-9.9884,0.8604075313477905,-0.175,0.021213203435596427,-0.9898,0.013859292911256375,-0.1752,0.006788225099390854,2.1635999999999997,3.2758842958810384,-3.4308666666666676,3.2774870712517283,-15.525533333333328,4.937208108052795,100.0,0.0,6.051198260308336,1.859333256127657,-8.243266666666667,1.1454187046180488,14.294464926975001,3.004751960745705
30.0,20.0,0.0,0.0,0.0,-8.265333333333334,1.200195909933967,-0.09926666666666667,0.029604203905676797,0.8196,0.07438763338082477,0.0,0.0,33.0,0.0,28.18,0.0,13.0,1.4142135623730951,0.0,0.0,2.5,0.7071067811865476,-10.013,1.0083342699720157,-0.175,0.021213203435596427,-0.986,0.008485281374238578,-0.179,0.0014142135623730963,2.422,3.179152088214718,-3.1173333333333337,2.8717963406589653,-16.910666666666664,3.553447277722796,100.0,0.0,5.687561046331972,1.6961959396399884,-8.265333333333334,1.200195909933967,13.952894379665306,2.8963918495739542
31.0,20.0,0.0,0.0,0.0,-8.1968,1.3672616721023085,-0.08008000000000001,0.0425395439561827,0.84318,0.008739839815465833,0.0,0.0,33.0,0.0,28.18,0.0,13.0,1.4142135623730951,0.0,0.0,2.5,0.7071067811865476,-9.711200000000002,1.5149055680140597,-0.16999999999999998,0.02828427124746191,-0.985,0.007071067811865481,-0.18,0.0,3.2556,3.8245991580817984,-2.8046,2.5520897946584875,-19.572599999999998,4.125826646867268,100.0,0.0,4.588246023407633,2.437336331100518,-8.1968,1.3672616721023085,12.785046023407634,3.8045980032028264
32.0,20.0,0.0,0.0,0.0,-8.1474,1.4812472852295793,-0.07162,0.04330321927986417,0.67668,0.1904662825804084,0.0,0.0,33.0,0.0,28.18,0.0,13.0,1.4142135623730951,0.0,0.0,2.5,0.7071067811865476,-9.529399999999999,1.7810605604526764,-0.165,0.03535533905932737,-0.985,0.007071067811865481,-0.1808,0.0011313708498984691,3.6987999999999994,3.989779302166976,-2.6086,2.2749039364333608,-21.1052,3.86759125037794,100.0,0.0,4.103523728726956,2.4810917040657525,-8.1474,1.4812472852295793,12.250923728726956,3.962338989295332
33.0,20.0,0.0,0.0,0.0,-8.0731,1.6024453875249545,-0.06453,0.047418580746369884,0.7631699999999999,0.07943637579849674,0.0,0.0,33.0,0.0,28.18,0.0,13.0,1.4142135623730951,0.0,0.0,2.5,0.7071067811865476,-9.3111,2.052165300359598,-0.165,0.03535533905932737,-0.985,0.007071067811865481,-0.18269999999999997,0.003818376618407348,4.1097,4.243064951187998,-2.5084,2.1049154662361147,-22.271299999999997,4.071096582003429,100.0,0.0,3.6972966519792023,2.7168845472672993,-8.0731,1.6024453875249545,11.770396651979205,4.319329934792254
34.0,20.0,0.0,0.0,0.0,-7.9888,1.73778562544406,-0.057440000000000005,0.051533942212875584,0.6836599999999999,0.20316592037051875,0.0,0.0,33.0,0.0,28.18,0.0,13.0,1.4142135623730951,0.0,0.0,2.5,0.7071067811865476,-9.0778,2.344483243702117,-0.16,0.042426406871192854,-0.99,0.0,-0.17959999999999998,0.01357645019878169,4.555599999999999,4.545848074892077,-2.4182000000000006,1.920784860415138,-23.407399999999996,4.232175506757726,100.0,0.0,3.2910695752314485,2.9526773904688453,-7.9888,1.73778562544406,11.27986957523145,4.690463015912906
35.0,20.0,0.0,0.0,0.0,-7.885999999999999,1.8752471837067242,-0.0429,0.04087077195258245,0.7682,0.22090015844267744,0.0,0.0,33.0,0.0,28.18,0.0,13.0,1.4142135623730951,0.0,0.0,2.5,0.7071067811865476,-8.667,2.442346822218335,-0.15,0.042426406871192854,-0.985,0.007071067811865481,-0.18,0.014142135623730944,5.54,4.270924958366748,-2.036,1.323703894381217,-26.025000000000002,2.227386360737624,100.0,0.0,2.457988941111232,2.3417227383246333,-7.885999999999999,1.8752471837067242,10.343988941111231,4.216969922031358
36.0,20.0,0.0,0.0,0.0,-7.724,1.9855558415718253,-0.025720000000000007,0.034959359261862916,0.9227000000000001,0.07311484117468904,0.0,0.0,33.0,0.0,28.18,0.0,13.0,1.4142135623730951,0.0,0.0,2.5,0.7071067811865476,-8.1754,2.4259419448948076,-0.13940000000000002,0.041577878733769016,-0.985,0.007071067811865481,-0.18,0.014142135623730944,6.603599999999999,4.0961281620574335,-1.7670000000000003,0.8867119036079311,-28.229,0.8216580797387676,100.0,0.0,1.4736474490764777,2.00302374018633,-7.724,1.9855558415718253,9.197647449076477,3.988579581758155
37.0,20.0,0.0,0.0,0.0,-7.581333333333333,2.1514902328902683,-0.018573333333333334,0.04040879552220724,0.8330666666666666,0.17121412195130278,0.0,0.0,33.0,0.0,28.18,0.0,13.0,1.4142135623730951,0.0,0.0,2.5,0.7071067811865476,-7.878466666666666,2.6989794433369734,-0.13313333333333333,0.04685760936662855,-0.985,0.007071067811865481,-0.18,0.014142135623730944,7.2612,4.735918377675021,-1.749,0.8046875169902912,-29.119666666666667,1.4005428312701536,100.0,0.0,1.0641736114896492,2.315253438629614,-7.581333333333333,2.1514902328902683,8.645506944822982,4.4667436715198825
38.0,20.0,0.0,0.0,0.0,-7.498666666666667,2.2325718104663266,-0.014176666666666664,0.041969144486025546,1.0349333333333335,0.14292985070384093,0.07675,0.10854089091213505,33.0,0.0,28.17,0.014142135623730649,14.0,2.8284271247461903,0.0,0.0,2.5,0.7071067811865476,-7.6990333333333325,2.8058468482002987,-0.1318666666666667,0.04506627218762263,-0.985,0.007071067811865481,-0.18,0.014142135623730944,7.6888000000000005,5.050439473946796,-1.7435,0.7049854608429879,-29.682833333333335,1.5162726411243526,100.0,0.0,0.812263167563797,2.4046548488240145,-7.498666666666667,2.2325718104663266,8.310929834230464,4.637226659290341
39.0,20.0,0.0,0.0,0.0,-7.260999999999999,2.532856490210213,-0.010780000000000007,0.04211527988747078,0.35630000000000006,0.788141218310526,0.6735,0.9524728342582794,33.0,0.0,28.145,0.049497474683058526,15.0,4.242640687119285,0.0,0.0,2.5,0.7071067811865476,-7.2446,3.3016229827162276,-0.1256,0.05034600282048219,-0.99,0.014142135623730963,-0.18,0.014142135623730944,8.831399999999999,6.376123267315338,-1.7930000000000001,0.5275016587651647,-30.816,2.4381041815312163,100.0,0.0,0.6176485031510278,2.413027790564276,-7.260999999999999,2.532856490210213,7.878648503151028,4.945884280774489
40.0,20.0,0.0,0.0,0.0,-6.986000000000001,2.624780371764465,0.0002999999999999999,0.025031580054003785,0.5224,0.6963587581125119,0.895,1.26572113832392,33.0,0.0,28.145,0.049497474683058526,15.0,4.242640687119285,0.0,0.0,2.5,0.7071067811865476,-6.596,3.1904657967137027,-0.118,0.05374011537017761,-0.99,0.014142135623730963,-0.18,0.014142135623730944,10.201,6.518110308977596,-1.587,0.3068843430349614,-32.64,1.216223663640861,100.0,0.0,-0.017188733853924665,1.4342038916382698,-6.986000000000001,2.624780371764465,6.968811266146076,4.058984263402735
41.0,20.0,0.0,0.0,0.0,-6.7466,2.79533452738666,0.005179999999999985,0.018130217869623096,0.49952000000000013,0.7332980163616974,1.0285,1.4545186489007282,33.0,0.0,28.125,0.07778174593051983,15.0,4.242640687119285,0.0,0.0,2.5,0.7071067811865476,-6.1222,3.3547974126614566,-0.1096,0.05600285706997456,-0.995,0.021213203435596444,-0.175,0.021213203435596427,11.1886,7.11547411772399,-1.3486000000000002,0.4647105765957992,-33.611,0.9602510088513344,100.0,0.0,-0.2967921378777656,1.03878496558207,-6.7466,2.79533452738666,6.449807862122235,3.8341194929687306
42.0,20.0,0.0,0.5,0.7071067811865476,-6.5167,3.007607983098861,0.007909999999999997,0.012855201281971441,0.46024,0.7017893381920246,0.993,1.4043140674364833,33.0,0.0,28.125,0.07778174593051983,15.5,4.949747468305833,0.0,0.0,2.5,0.7071067811865476,-5.733899999999999,3.597617881320916,-0.1027,0.06038691911333116,-0.995,0.021213203435596444,-0.175,0.021213203435596427,11.983199999999998,7.78779124527616,-0.9932000000000001,0.8813378920709128,-34.2945,1.040154075125414,100.0,0.0,-0.45320961594848097,0.7365487782481289,-6.5167,3.007607983098861,6.063490384051519,3.7441567613469906
43.0,20.0,0.0,0.5,0.7071067811865476,-6.0518,3.55222162596874,0.008140000000000005,0.0040446507883870435,0.30795999999999996,0.8300867925705118,0.5785,0.8181225458328355,33.0,0.0,28.145,0.049497474683058526,15.5,4.949747468305833,0.0,0.0,2.5,0.7071067811865476,-5.1655999999999995,4.094996791207534,-0.0908,0.07184204896855323,-1.005,0.03535533905932741,-0.16999999999999998,0.02828427124746191,13.0228,8.806590695609737,0.18220000000000003,2.4576203286919647,-35.568,1.9544431431996194,100.0,0.0,-0.46638764523649046,0.23174141977883864,-6.0518,3.55222162596874,5.585412354763509,3.7839630457475786
44.0,20.0,0.0,0.5,0.7071067811865476,-5.654800000000001,3.202910876062586,0.023876666666666657,0.0205673792421127,0.19127999999999987,0.7485149542928315,0.45866666666666667,0.6486526206084596,33.0,0.0,28.15,0.042426406871191945,15.5,4.949747468305833,0.0,0.0,2.5,0.7071067811865476,-4.391266666666667,3.1649156716868285,-0.07723333333333333,0.05736993018026856,-1.0116666666666667,0.030641293851417138,-0.16999999999999998,0.02828427124746191,14.115566666666666,7.393178520921989,0.6132333333333333,2.6777190994492974,-37.74766666666666,0.4586765987296717,100.0,0.0,-1.368032228840695,1.1784240262180354,-5.654800000000001,3.202910876062586,4.2867677711593055,2.0244868498445507
45.0,20.0,0.0,0.5,0.7071067811865476,-5.519,3.2229927086482837,0.025133333333333334,0.024701596889450058,0.18989999999999996,0.8300019397567694,0.3388333333333333,0.4791826953840837,33.0,0.0,28.155,0.03535533905932788,15.5,4.949747468305833,0.0,0.0,2.5,0.7071067811865476,-4.211333333333333,3.0754430936406907,-0.07366666666666667,0.05703994701571484,-1.0133333333333332,0.0329983164553722,-0.16999999999999998,0.02828427124746191,14.350333333333333,7.193161582750354,0.9236666666666666,3.068372025828825,-38.288333333333334,0.5539003119294609,100.0,0.0,-1.440033925095469,1.4152972489989706,-5.519,3.2229927086482837,4.078966074904531,1.8076954596493133
46.0,20.0,0.0,0.5,0.7071067811865476,-4.8932,3.936039186796798,0.02288999999999999,0.03378556200509323,0.30801999999999985,0.7424904045171221,-0.2095,0.2962777413171634,33.0,0.0,28.16,0.028284271247461298,15.5,4.949747468305833,0.0,0.0,2.5,0.7071067811865476,-3.7414000000000005,3.3960924486827513,-0.0651,0.06378103166302661,-1.025,0.049497474683058366,-0.165,0.03535533905932737,13.9951,6.158758642778594,4.1241,7.546102147466598,-40.554,1.790394369964341,100.0,0.0,-1.3115003930544538,1.935770111369393,-4.8932,3.936039186796798,3.5816996069455467,2.0002690754274055
47.0,20.0,0.0,0.5,0.7071067811865476,-4.6268,3.92698821999761,0.025849999999999995,0.04009295449327724,0.26879000000000014,0.5873087503179228,-0.24574999999999997,0.3475429829531881,33.0,0.0,28.16,0.028284271247461298,15.5,4.949747468305833,0.0,0.0,2.5,0.7071067811865476,-3.4724000000000004,3.086379678523043,-0.05780000000000001,0.053457272657703,-1.025,0.049497474683058366,-0.1589,0.03379970414071698,14.0182,5.02300373083676,5.376,9.212187145298342,-41.3291,1.2528517949063291,100.0,0.0,-1.4810959004131776,2.2971570806748556,-4.6268,3.92698821999761,3.1457040995868226,1.629831139322755
48.0,20.0,0.0,0.5,0.7071067811865476,-4.349000000000001,3.901815218587371,0.029859999999999963,0.04788527122195294,0.39281999999999895,0.6630116023117529,-0.282,0.3988082245892128,33.0,0.0,28.16,0.028284271247461298,15.5,4.949747468305833,0.0,0.0,2.5,0.7071067811865476,-3.189400000000002,2.756867918490114,-0.05260000000000002,0.04610336213336292,-1.025,0.049497474683058366,-0.155,0.03535533905932737,14.082599999999996,3.828841798768921,6.6362,10.866534170562387,-42.12179999999999,0.6904190611505487,100.0,0.0,-1.7108519762606362,2.7436239418571624,-4.349000000000001,3.901815218587371,2.6381480237393653,1.1581912767302085
49.0,20.0,0.0,0.5,0.7071067811865476,-3.637200000000001,4.464955059124336,0.03531999999999998,0.05419266371013698,0.6003399999999997,0.827795766599467,-0.14120000000000021,0.26417509345129386,33.0,0.0,28.151600000000002,0.016404877323527352,16.21999999999999,3.9315137033972136,0.0,0.0,2.5,0.7071067811865476,-3.4336000000000007,1.6597210368010655,-0.05880000000000002,0.026587214972614206,-1.0262,0.047800418408210685,-0.15,0.042426406871192854,12.295799999999998,0.06477098115668502,13.6806,20.519390261896188,-40.483000000000004,3.256933834145239,100.0,0.0,-2.0236869324020668,3.1050109111626263,-3.637200000000001,4.464955059124336,1.6135130675979337,1.3599441479617103
50.0,20.0,0.0,0.5,0.7071067811865476,-3.3275,4.430023984133721,0.03975,0.05975052301026327,0.7142499999999999,0.9697969503973499,-0.036250000000000004,0.31996581848691275,33.0,0.0,28.125,0.02121320343559723,18.5,0.7071067811865476,0.0,0.0,2.5,0.7071067811865476,-3.495,0.7990306627407983,-0.0625,0.010606601717798219,-1.03,0.04242640687119289,-0.15,0.042426406871192854,12.184999999999999,1.6617009357883865,15.815000000000001,22.860762235761086,-39.582499999999996,6.035156377427185,100.0,0.0,-2.2775072356450226,3.4234527921873963,-3.3275,4.430023984133721,1.0499927643549776,1.006571191946324
51.0,20.0,0.0,0.5,0.7071067811865476,-3.002600000000001,4.373596862995035,0.03126000000000004,0.047036743084529195,-0.49233999999999445,0.7556708749184318,0.7006399999999969,1.2694546621285807,33.0,0.0,28.098399999999998,0.05883128419472181,18.5,0.7071067811865476,0.0,0.0,2.5,0.7071067811865476,-3.533600000000001,0.09390378054157196,-0.06620000000000002,0.005374011537017743,-1.03,0.04242640687119289,-0.15,0.042426406871192854,12.081799999999998,3.2693789134941182,18.2382,24.793709332812632,-38.461600000000004,8.501686251562095,100.0,0.0,-1.7910660675789556,2.6950068607846847,-3.002600000000001,4.373596862995035,1.2115339324210452,1.6785900022103506
52.0,20.0,0.0,0.5,0.7071067811865476,-2.5837000000000003,4.61556880351707,0.025900000000000003,0.03945655839020936,-0.8312400000000002,1.0836270000327606,0.96874,1.6288063283275886,33.0,0.0,28.0848,0.0780645886429963,18.5,0.7071067811865476,0.0,0.0,2.5,0.7071067811865476,-4.2434,1.6639636774881834,-0.07740000000000001,0.03196122650963194,-1.0312999999999999,0.040587929240107914,-0.15,0.042426406871192854,11.2175,5.412902409983022,21.9243,28.75902274035055,-34.7769,14.038756612321476,100.0,0.0,-1.4839606893888324,2.260694269870494,-2.5837000000000003,4.61556880351707,1.0997393106111677,2.354874533646577
53.0,20.0,0.0,0.5,0.7071067811865476,-2.1918000000000006,4.8957245102231814,0.022100000000000022,0.03408254685319163,-0.6318600000000008,0.9614672325149735,1.0303599999999997,1.7018080324172873,33.0,0.0,28.077199999999998,0.08881261171703189,18.5,0.7071067811865476,0.0,0.0,3.0,1.4142135623730951,-5.147600000000001,3.383364526621391,-0.09360000000000003,0.06561950929411159,-1.0332,0.03790092347159901,-0.15,0.042426406871192854,10.334999999999999,7.332697320904496,24.490199999999998,31.25383688573293,-30.4266,20.260872022694382,100.0,0.0,-1.2662367272391206,1.952786089744765,-2.1918000000000006,4.8957245102231814,0.9255632727608797,2.9429384204784164
54.0,20.0,0.0,0.25,0.3535533905932738,-1.9440000000000006,4.955404322555325,0.018260000000000012,0.028651966773678924,-0.5078000000000005,0.7336939961591623,1.0853400000000002,1.7739046398270684,33.0,0.0,28.0533,0.07311484117468944,18.5,0.7071067811865476,0.0,0.0,3.0,1.4142135623730951,-5.521500000000001,4.374869655201168,-0.09980000000000001,0.0851356564548603,-1.0352000000000001,0.03507249634685282,-0.15,0.042426406871192854,10.056,8.423055977494151,25.3097,31.19090438220733,-28.1458,23.526573980926333,100.0,0.0,-1.046220933908884,1.6416367708808683,-1.9440000000000006,4.955404322555325,0.8977790660911166,3.3137675516744576
55.0,20.0,0.0,0.0,0.0,-1.59,4.8648946545634475,0.0137,0.02220315292925759,-0.3895,0.51406662992262,1.0748,1.7533419746301633,33.0,0.0,28.051000000000002,0.02687005768508899,18.5,0.7071067811865476,0.0,0.0,3.0,1.4142135623730951,-5.755,5.564930367938128,-0.106,0.10465180361560902,-1.0390000000000001,0.029698484809835023,-0.15,0.042426406871192854,9.93,9.729789309126893,26.689,30.336295126465263,-25.676000000000002,26.52498957586977,100.0,0.0,-0.7849521793292278,1.2721469547299908,-1.59,4.8648946545634475,0.8050478206707724,3.5927476998334567
56.0,20.0,0.0,0.5,0.7071067811865476,-0.539200000000001,4.892047554961012,0.05204000000000001,0.05085511970293648,1.28478,2.4256873864535797,-0.11713999999999869,2.1875903910924475,33.0,0.0,28.066200000000002,0.03705239533417666,19.0,0.0,0.0,0.0,3.0,1.4142135623730951,-6.830600000000001,8.979407592931729,-0.12940000000000004,0.1705541556221952,-1.04,0.014142135623730963,-0.15000000000000002,0.02828427124746191,8.790799999999999,13.011896144682371,26.038199999999993,22.33297773428345,-16.9132,36.73165169822887,100.0,0.0,-2.981672365860805,2.913783725610857,-0.539200000000001,4.892047554961012,-2.4424723658608034,7.805831280571869
57.0,20.0,0.0,0.5,0.7071067811865476,-0.06920000000000037,4.892047554961011,0.07038000000000001,0.08431541258868393,1.10526,2.2355039465856463,-0.5554599999999996,1.9990474389568655,33.0,0.0,28.0598,0.08456997102990993,19.0,0.0,0.0,0.0,3.0,1.4142135623730951,-7.062600000000001,10.051381473210535,-0.12840000000000001,0.1861105048082993,-1.0366,0.004808326112068465,-0.15000000000000002,0.02828427124746191,8.2496,13.915295768326304,23.496,15.505437497858617,-13.582600000000003,40.26633707602419,100.0,0.0,-4.032476962130734,4.8309172892358,-0.06920000000000037,4.892047554961011,-3.9632769621307338,9.722964844196811
58.0,20.0,0.0,0.5,0.7071067811865476,0.5313999999999985,5.06090465430836,0.09934000000000001,0.13245524225186409,0.6614199999999992,1.6059526371596404,-1.1492199999999992,2.0304995485840434,33.0,0.0,28.055,0.12020815280171429,19.0,0.0,0.0,0.0,3.0,1.4142135623730951,-6.867400000000001,10.44057304557561,-0.12460000000000003,0.19148451634531705,-1.04,0.0,-0.15460000000000002,0.02064751801064721,7.5710000000000015,14.596098177252717,15.405199999999994,0.671468599414757,-9.305200000000005,45.06419800773115,100.0,0.0,-5.691762736829599,7.5891263554147095,0.5313999999999985,5.06090465430836,-6.223162736829598,12.650031009723072
59.0,20.0,0.0,0.5,0.7071067811865476,0.8396999999999994,4.78753717270164,0.10382000000000001,0.14309012824090978,0.6799099999999997,1.2580702429514823,-1.3403099999999997,1.9858245421486767,33.0,0.0,28.045,0.13435028842544494,19.0,0.0,0.0,0.0,3.0,1.4142135623730951,-6.485200000000001,10.372973637294177,-0.11830000000000002,0.19332299397640207,-1.0375,0.003535533905932662,-0.15080000000000002,0.015273506473629432,7.193000000000001,14.217088942536726,14.569599999999996,4.411780629179103,-8.167099999999998,45.2012353019251,100.0,0.0,-5.948447829048208,8.198460438189839,0.8396999999999994,4.78753717270164,-6.7881478290482065,12.985997610891479
60.0,20.0,0.0,0.5,0.7071067811865476,1.3885,4.1740513293441905,0.10835,0.15365430355183676,0.64875,0.9804035521151482,-1.5063499999999999,1.9765755854507563,33.0,0.0,28.035,0.1484924240491756,19.0,0.0,0.0,0.0,3.0,1.4142135623730951,-6.3340000000000005,9.97869089610456,-0.118,0.18667619023324855,-1.0385,0.012020815280171397,-0.14850000000000002,0.012020815280171298,5.97,12.64306924761547,15.610000000000001,12.14809450078489,-5.735999999999997,43.50969445997064,100.0,0.0,-6.20799771024247,8.803743097542261,1.3885,4.1740513293441905,-7.59649771024247,12.977794426886451
61.0,20.0,0.0,0.5,0.7071067811865476,1.5895999999999995,4.087642880683195,0.11816,0.1680651397524186,0.6481999999999999,0.8963285558320678,-1.55606,2.095779646623184,33.0,0.0,28.035,0.1484924240491756,19.0,0.0,0.0,0.0,3.0,1.4142135623730951,-5.784399999999999,8.846754360781134,-0.10679999999999998,0.1600889752606344,-1.0366,0.009333809511662497,-0.1516,0.002262741699796958,5.4220000000000015,12.23577574165202,12.933999999999996,18.67327587757434,-3.9826000000000015,43.915008066946776,100.0,0.0,-6.770069307265807,9.629423191089943,1.5895999999999995,4.087642880683195,-8.359669307265806,13.717066071773138
62.0,20.0,0.0,0.5,0.7071067811865476,1.7519999999999996,3.8862588694012654,0.12225,0.17430182156248397,0.60734,0.7745081995692492,-1.59038,2.181594125587984,33.0,0.0,28.0275,0.1590990257669742,19.0,0.0,0.0,0.0,3.0,1.4142135623730951,-5.548199999999999,7.964567940572797,-0.10369999999999999,0.14325983386839455,-1.0350000000000001,0.007071067811865481,-0.15,0.0,4.794200000000002,11.673201586540001,12.752899999999997,22.143614538281682,-2.556300000000002,43.20606280812915,100.0,0.0,-7.004409045474314,9.9867587369727,1.7519999999999996,3.8862588694012654,-8.756409045474314,13.873017606373965
63.0,20.0,0.0,0.5,0.7071067811865476,2.0029999999999983,3.4888648583744275,0.133,0.18950461735799476,0.4131600000000001,0.5385890930941694,-1.7751199999999998,2.4181354860305078,33.0,0.0,28.02,0.1697056274847728,19.0,0.0,0.0,0.0,3.0,1.4142135623730951,-4.686799999999996,5.166404986061396,-0.08379999999999996,0.09362093782909896,-1.0350000000000001,0.007071067811865481,-0.155,0.007071067811865481,3.270800000000006,10.947144343617662,11.844599999999986,29.167589038520116,0.9937999999999878,42.02505306219139,100.0,0.0,-7.62033867523995,10.8578147728547,2.0029999999999983,3.4888648583744275,-9.623338675239948,14.346679631229128
64.0,20.0,0.0,0.5,0.7071067811865476,2.080799999999999,2.855580025143754,0.1425,0.20293964620053911,0.2716200000000001,0.4431862461764803,-1.86994,2.510313926025986,33.0,0.0,28.0,0.1979898987322341,19.0,0.0,0.0,0.0,3.319999999999999,0.9616652224137061,-3.3089999999999975,0.9772215715998122,-0.057799999999999956,0.01725340546095183,-1.03,0.014142135623730963,-0.16,0.014142135623730963,0.9506000000000032,11.130709264013687,12.534599999999994,33.42437186126315,5.339999999999989,40.40408147699934,100.0,0.0,-8.16464858061423,11.627585223169024,2.080799999999999,2.855580025143754,-10.24544858061423,14.483165248312782
65.0,20.0,0.0,0.4,0.5656854249492381,2.199,2.476287947715289,0.14415,0.20555594129092936,0.18399999999999997,0.37052395334175087,-1.9703,2.586172341511679,33.0,0.0,27.993000000000002,0.18809040379562292,19.0,0.0,0.0,0.0,3.5,0.7071067811865476,-3.416,0.758018469431979,-0.06,0.014142135623730944,-1.0275,0.017677669529663625,-0.16,0.014142135623730963,-0.23650000000000038,10.505485448088537,13.646999999999998,35.195532926779215,7.815999999999999,37.69444829149248,100.0,0.0,-8.259186616810817,11.777487889809183,2.199,2.476287947715289,-10.458186616810815,14.253775837524472
66.0,20.0,0.0,0.21000000000000082,0.29698484809835113,2.255099999999999,2.1848185325101954,0.14570999999999998,0.20829951560193316,0.11734999999999998,0.2682056021040575,-2.07732,2.6526120946719667,33.0,0.0,27.9797,0.16928136341605937,19.0,0.0,0.0,0.0,3.5,0.7071067811865476,-3.3708999999999976,2.2781566276268155,-0.059499999999999956,0.04171930009000624,-1.025,0.021213203435596444,-0.16,0.014142135623730963,-1.158099999999998,10.255735332973453,14.188799999999997,36.15974373360519,9.703399999999993,35.817221208798436,100.0,0.0,-8.348568032851224,11.934683118610213,2.255099999999999,2.1848185325101954,-10.603668032851225,14.119501651120409
67.0,20.0,0.0,0.020000000000000257,0.028284271247462262,1.9811999999999999,1.4266586417219789,0.15102,0.21634639077183607,0.1147,0.2563969188582421,-2.12834,2.639855888339362,33.0,0.0,27.9664,0.15047232303649832,19.0,0.0,0.0,0.0,3.5,0.7071067811865476,-1.6657999999999993,6.145889299360996,-0.028999999999999984,0.11172287142747449,-1.0150000000000001,0.03535533905932741,-0.155,0.007071067811865481,-3.2371999999999996,11.64293741630522,14.4056,37.58357394820243,11.570799999999995,33.91170985485692,100.0,0.0,-8.652808622065692,12.395735104114268,1.9811999999999999,1.4266586417219789,-10.634008622065691,13.822393745836244
68.0,20.0,0.0,0.0,0.0,2.653599999999999,0.24946727240261507,0.20046666666666663,0.14830386224085865,1.5226066666666673,1.762496650423926,-3.1004933333333327,1.2645520551123592,33.0,0.0,27.9082,0.06816509370638259,19.0,0.0,0.0,0.0,3.5,0.7071067811865476,-4.581066666666664,11.268076541372185,-0.08679999999999996,0.2076065509563703,-1.0083333333333333,0.030641293851417062,-0.155,0.007071067811865481,-6.332966666666664,7.948398765509667,13.483033333333339,36.58056654931536,21.07866666666666,20.116716520236498,100.0,0.0,-11.4858939330559,8.49718539189077,2.653599999999999,0.24946727240261507,-14.139493933055899,8.746652664293384
69.0,20.0,0.0,0.0,0.0,2.6837999999999997,0.01951614716074813,0.2087333333333333,0.13849864820840513,1.4143533333333338,1.6372161849785012,-3.1854466666666665,1.1439384944227657,33.0,0.0,27.900599999999997,0.05741707063234699,19.0,0.0,0.0,0.0,3.5,0.7071067811865476,-4.668533333333332,12.391150671704741,-0.08939999999999998,0.22542564184227132,-1.0066666666666666,0.032998316455372274,-0.155,0.007071067811865481,-6.933733333333333,7.782322952834986,12.694266666666666,35.76678092507379,22.30433333333333,18.034522751902504,100.0,0.0,-11.959539043697381,7.935388010608735,2.6837999999999997,0.01951614716074813,-14.643339043697381,7.915871863447985
70.0,20.0,0.0,0.0,0.0,2.206,1.0691454531540596,0.2203,0.12968338366961282,1.1914,1.6594381940885898,-3.4334,1.2411138223386284,33.0,0.0,27.88,0.07071067811865576,19.0,0.0,0.0,0.0,3.5,0.7071067811865476,-2.915,16.270527035102457,-0.05800000000000001,0.2941564209736038,-0.995,0.049497474683058366,-0.15,0.0,-8.953,9.485130362836347,11.11,35.17149129621887,22.148,13.268151642184378,100.0,0.0,-12.622260226732035,7.430310557244597,2.206,1.0691454531540596,-14.828260226732034,6.361165104090537
71.0,20.0,0.0,0.16666666666666666,0.23570226039551584,2.306466666666667,1.4752133073634557,0.23284000000000005,0.11194914559745416,1.0733866666666665,1.4920707330269416,-3.53812,1.1000884458987827,33.0,0.0,27.884999999999998,0.06363961030678918,19.166666666666664,0.235702260395515,0.0,0.0,3.5,0.7071067811865476,-3.302666666666668,17.549447500008533,-0.06606666666666669,0.3149925007925674,-0.9933333333333334,0.0518544972870135,-0.15,0.0,-9.711400000000001,9.020702628953021,9.228333333333326,32.45855827906648,24.089066666666675,9.424696303270927,100.0,0.0,-13.34074930182609,6.4142135628296835,2.306466666666667,1.4752133073634557,-15.647215968492757,4.939000255466226
72.0,20.0,0.0,0.3333333333333333,0.4714045207910317,2.494533333333333,2.0051662696367316,0.25045999999999996,0.08703070262844033,0.7691733333333337,1.0613767066514244,-3.8768199999999995,0.6281653801348814,33.0,0.0,27.8678,0.025173001410242715,19.333333333333336,0.4714045207910325,0.0,0.0,3.5,0.7071067811865476,-3.6029333333333335,18.70476569956319,-0.07513333333333333,0.33724279417390407,-0.9916666666666667,0.05421151989096872,-0.15,0.0,-10.561599999999999,8.42645009004385,5.384266666666676,26.970372567113152,27.189533333333326,3.941601760142142,100.0,0.0,-14.350300936846596,4.9864919486677515,2.494533333333333,2.0051662696367316,-16.84483427017993,2.981325679031021
73.0,20.0,0.0,0.5,0.7071067811865476,2.4657999999999993,2.228517731587522,0.25464,0.08111928993772076,0.7243100000000002,0.9974589676773681,-3.9028799999999997,0.5983820425113039,33.0,0.0,27.8652,0.00735391052434054,19.5,0.7071067811865476,0.0,0.0,3.5,0.7071067811865476,-3.3863999999999983,19.129218330083432,-0.07369999999999997,0.3446438451503232,-0.99,0.05656854249492385,-0.15,0.0,-10.8944,8.563911648306515,4.370900000000007,25.48540118616932,27.625799999999995,2.226254989887733,100.0,0.0,-14.58979729521128,4.647792950529446,2.4657999999999993,2.228517731587522,-17.05559729521128,2.419275218941924
74.0,20.0,0.0,0.0,0.0,1.9788,3.1237149165696927,0.25866,0.0726057242922347,0.6116600000000003,0.9993681559865718,-3.8305599999999997,0.3527614309983453,33.0,0.0,27.8564,0.005091168824543838,19.0,0.0,0.0,0.0,3.5,0.7071067811865476,-2.2609999999999992,20.64893222420956,-0.05880000000000002,0.365998469942157,-0.9812000000000001,0.07240773439350241,-0.14500000000000002,0.007071067811865462,-12.233,10.093242194656781,3.9302000000000055,22.486278484444693,25.915599999999998,3.0201944838039743,100.0,0.0,-14.820126328853874,4.160001570435527,1.9788,3.1237149165696927,-16.798926328853874,1.0362866538658355
75.0,20.0,0.0,0.0,0.0,1.8,3.634528855298855,0.264,0.06081118318204308,0.4595,0.9920708140047262,-3.8765,0.10818733752154179,33.0,0.0,27.865,0.049497474683058526,19.0,0.0,0.0,0.0,3.5,0.7071067811865476,-1.79,20.831365773755692,-0.05,0.36769552621700474,-0.9850000000000001,0.07778174593052022,-0.14,0.014142135623730944,-12.934999999999999,10.65609919248127,2.7750000000000004,18.971674939235072,25.84,7.028641404994281,100.0,0.0,-15.126085791453733,3.484224143527999,1.8,3.634528855298855,-16.926085791453733,0.1503047117708556
76.0,20.0,0.0,0.0,0.0,1.5628000000000002,4.034468450737966,0.26316,0.052099627637824796,0.3349499999999999,1.03654783054136,-3.9404,0.1125713995648979,33.0,0.0,27.865,0.049497474683058526,19.0,0.0,0.0,0.0,3.5,0.7071067811865476,-1.466899999999999,20.75627103359368,-0.04119999999999997,0.3693925824918524,-0.9869000000000001,0.08046875169902912,-0.14,0.014142135623730944,-13.4939,11.279908794844042,2.721199999999998,16.887406991009602,24.9576,9.910242959685704,100.0,0.0,-15.077957336662745,2.985088777850499,1.5628000000000002,4.034468450737966,-16.640757336662745,1.049379672887466
77.0,20.0,0.0,0.0,0.0,1.4630999999999998,4.2399536813507765,0.26356999999999997,0.045155839046572964,0.20340000000000047,1.0909243420146062,-3.9397999999999995,0.025738686835190636,33.0,0.0,27.8725,0.060104076400857145,19.0,0.0,0.0,0.0,3.5,0.7071067811865476,-1.2838000000000012,20.483186394699437,-0.03740000000000003,0.3640185709548347,-0.9863000000000001,0.08669129137347076,-0.14,0.014142135623730944,-13.7728,11.507738599742348,2.292400000000007,15.333469128674059,24.830199999999994,11.724113274785426,100.0,0.0,-15.101448606263105,2.587238997740677,1.4630999999999998,4.2399536813507765,-16.564548606263106,1.652714683610101
78.0,20.0,0.0,0.0,0.0,1.1274,4.74808061431143,0.2639,0.01994041122946068,-0.19405999999999968,1.2133103837023738,-4.088659999999999,0.18902378474678647,33.0,0.0,27.875799999999998,0.13321891757554408,19.0,0.0,0.0,0.0,3.5,0.7071067811865476,-0.37060000000000404,18.78160463645213,-0.020800000000000082,0.32640049019571044,-0.9850000000000001,0.09192388155425117,-0.14139999999999997,0.016122034611053257,-14.6396,12.02138096559626,0.6554000000000069,10.416248572302804,24.762599999999996,17.25708241621392,100.0,0.0,-15.120356213502426,1.142501405203371,1.1274,4.74808061431143,-16.247756213502424,3.605579209108057
79.0,20.0,0.0,0.0,0.0,0.7870000000000001,4.846509878252598,0.25954,0.0035921024484276425,-0.6005399999999999,1.4134498870494139,-4.30536,0.5039691450872762,33.0,0.0,27.86,0.1979898987322341,19.0,0.0,0.0,0.0,3.5,0.7071067811865476,0.911999999999999,16.006069098938692,0.005399999999999988,0.27520595923780433,-0.99,0.08485281374238571,-0.1451,0.02135462479183372,-15.2256,11.772479378618593,-1.4460999999999984,6.581608497928149,25.261499999999998,21.03147699283148,100.0,0.0,-14.870546614825386,0.20581230987351387,0.7870000000000001,4.846509878252598,-15.657546614825385,5.052322188126111
80.0,20.0,0.0,0.0,0.0,0.5449999999999999,5.027529214236353,0.24430000000000002,0.02729432175380073,-1.0618,1.9292701417893765,-4.5642,0.34535095193150944,33.0,0.0,27.86,0.1979898987322341,19.0,0.0,0.0,0.0,3.5,0.7071067811865476,0.7599999999999998,14.608826099314072,0.0030000000000000027,0.2503158005400378,-0.995,0.0777817459305203,-0.14200000000000002,0.0311126983722081,-15.132,11.339164343107477,-2.202,6.247995518564334,24.625,22.549635252039,100.0,0.0,-13.997358935046012,1.5638494411648922,0.5449999999999999,5.027529214236353,-14.54235893504601,6.591378655401244
81.0,20.0,0.0,0.0,0.0,0.33299999999999996,5.1661221433489155,0.22056,0.06301735633934513,-1.7895600000000003,2.821978310901769,-4.762040000000001,0.27299978608050274,33.0,0.0,27.895,0.24748737341529264,19.0,0.0,0.0,0.0,3.5,0.7071067811865476,0.4330000000000007,12.96409572627416,0.0006000000000000311,0.22542564184227132,-1.005,0.06363961030678934,-0.13890000000000002,0.04087077195258247,-14.6284,10.32602174702339,-3.5179000000000014,6.706342134129452,24.3185,23.601103035663396,100.0,0.0,-12.637157129405438,3.6106285543164596,0.33299999999999996,5.1661221433489155,-12.970157129405438,8.776750697665376
82.0,20.0,0.0,0.0,0.0,0.10260000000000136,5.222125000418893,0.18947999999999998,0.10957326681266738,-2.1488400000000003,3.2854443795626795,-4.66548,0.5762637423957883,33.0,0.0,27.9252,0.3037730731977413,19.0,0.0,0.0,0.0,3.5,0.7071067811865476,0.23719999999999164,10.90754636387122,0.0013999999999998736,0.19600999974491118,-1.0134,0.047234732983261515,-0.135,0.04949747468305833,-13.854199999999997,8.776326525374955,-5.3077999999999905,7.25802684481121,24.442999999999998,24.031731065406,100.0,0.0,-10.856404302138838,6.278085735826731,0.10260000000000136,5.222125000418893,-10.95900430213884,11.500210736245625
83.0,20.0,0.0,0.4866666666666674,0.6882506003549073,-0.38719999999999977,4.84057018129063,0.1530266666666667,0.1669149127216885,-2.5284066666666667,3.776789311583172,-4.46284,0.9939658601783063,33.0,0.0,27.950000000000003,0.3676955262170044,19.486666666666668,0.6882506003549084,0.0,0.0,3.5,0.7071067811865476,1.5920666666666647,6.686307441995838,0.02566666666666663,0.11926534376013107,-1.0148666666666668,0.02102464162728005,-0.13,0.07071067811865475,-13.301066666666667,6.362452536212398,-8.429199999999998,5.629701349094819,24.97746666666667,23.571357410401482,100.0,0.0,-8.767782152955279,9.563520036747246,-0.38719999999999977,4.84057018129063,-8.380582152955279,14.404090218037876
84.0,20.0,0.0,0.6100000000000003,0.155563491861041,-0.5006000000000002,4.8074775839310995,0.13478,0.19343613106139196,-2.40277,3.547879990332255,-4.39332,1.1417228931750472,33.0,0.0,27.942500000000003,0.3570889244992058,19.61,0.15556349186104218,0.0,0.0,3.5,0.7071067811865476,1.5641999999999987,5.6509145525304145,0.02699999999999998,0.10323759005323595,-1.0186000000000002,0.012162236636408691,-0.1275,0.07424621202458749,-12.8112,5.372314480742913,-8.954099999999999,5.587416363579862,25.300900000000002,22.777182214224833,100.0,0.0,-7.722325162773236,11.08307391515721,-0.5006000000000002,4.8074775839310995,-7.221725162773236,15.890551499088309
85.0,20.0,0.0,0.7333333333333334,0.37712361663282534,-0.7440000000000002,4.958232749680071,0.06253333333333334,0.29632488176924254,-1.1171333333333333,1.6784829367285474,-3.9307999999999996,1.8452658561844144,33.0,0.0,27.9,0.29698484809834863,19.733333333333334,0.3771236166328265,0.0,0.0,3.5,0.7071067811865476,0.2413333333333333,2.784115099791833,0.003333333333333334,0.05185449728701349,-1.0323333333333333,0.010842303978193791,-0.11499999999999999,0.09192388155425117,-10.146333333333333,1.30626192711195,-8.774000000000001,4.548110816591874,27.929333333333332,18.723244756778197,100.0,0.0,-3.5828960788847484,16.978165090090705,-0.7440000000000002,4.958232749680071,-2.8388960788847477,21.936397839770777
86.0,20.0,0.0,0.6066666666666662,0.556257334533418,-0.8349000000000002,4.893320347167146,0.057036666666666666,0.304814877188689,-0.7479966666666666,1.1052126130397815,-3.75178,2.147879274261009,33.0,0.0,27.9,0.29698484809834863,19.606666666666666,0.556257334533419,0.0,0.0,3.5,0.7071067811865476,0.36596666666666766,1.9643897785883067,0.004666666666666685,0.03582674358011838,-1.0335666666666667,0.016169175063132334,-0.11249999999999999,0.09545941546018391,-9.741466666666666,0.43633202444417857,-8.6189,3.5441606086632125,28.280266666666666,17.890178687636283,100.0,0.0,-3.267960277494505,17.464605995710393,-0.8349000000000002,4.893320347167146,-2.433060277494504,22.357926342877533
87.0,20.0,0.0,0.5,0.7071067811865476,-1.5603999999999987,3.930948017972257,0.052000000000000005,0.31395541084682715,-0.3787100000000001,0.5321544213853718,-3.57686,2.4562909679433336,33.0,0.0,27.9009,0.29571205589221333,19.5,0.7071067811865476,0.0,0.0,3.5,0.7071067811865476,3.3915999999999955,2.9579690870595594,0.05649999999999992,0.051618795026617856,-1.0144,0.05034600282048221,-0.115,0.10606601717798214,-10.461399999999998,2.024305293180846,-9.909799999999999,0.49525758954305926,26.397500000000008,13.898183784221603,100.0,0.0,-2.9793805346802813,17.98831999681898,-1.5603999999999987,3.930948017972257,-1.4189805346802817,21.91926801479124
88.0,20.0,0.0,0.0,0.0,-1.7245999999999992,3.7977291003967104,0.051500000000000004,0.31466251762801367,0.11245999999999995,0.13935660443624484,-3.50514,2.5104270631109764,33.0,0.0,27.8866,0.2593667673392266,19.0,0.0,0.0,0.0,3.5,0.7071067811865476,3.593399999999997,4.134311928241502,0.06099999999999994,0.07212489168102777,-1.0156,0.06279108216936541,-0.12,0.09899494936611665,-9.728599999999998,3.8022545837963015,-9.0552,1.0680140823041593,26.380000000000003,12.176378772032354,100.0,0.0,-2.9507326449237405,18.02883423104605,-1.7245999999999992,3.7977291003967104,-1.2261326449237417,21.826563331442763
89.0,20.0,0.0,0.0,0.0,-1.8837999999999995,3.6574391150092986,0.053000000000000005,0.31254119728445406,0.11212999999999998,0.11578166435148533,-3.58742,2.3467742696731615,33.0,0.0,27.8923,0.25130575003369865,19.0,0.0,0.0,0.0,3.5,0.7071067811865476,3.9151999999999982,5.140949141938672,0.07049999999999998,0.08555992052357221,-1.0168,0.07523616151824869,-0.12,0.09899494936611665,-9.0658,5.48120892504564,-8.2206,2.6030014829039185,25.997500000000002,10.970761710109288,100.0,0.0,-3.0366763141933637,17.90729152836484,-1.8837999999999995,3.6574391150092986,-1.1528763141933638,21.56473064337414
90.0,20.0,0.0,0.0,0.0,-2.118,3.425225248067636,0.0543,0.3101370342284197,0.0547,0.05982123368838193,-3.6059,2.19188960032206,33.0,0.0,27.903,0.23617366491630662,19.0,0.0,0.0,0.0,3.5,0.7071067811865476,4.528,6.346990467930451,0.078,0.11030865786510141,-1.013,0.08061017305526649,-0.127,0.09475230867899738,-8.714,7.218146022352277,-7.467,3.9555553339575464,24.886000000000003,9.554426827392632,100.0,0.0,-3.1111608275603704,17.769543131992805,-2.118,3.425225248067636,-0.9931608275603709,21.194768380060438
91.0,20.0,0.0,0.0,0.0,-2.415200000000001,3.103915926696468,0.05384000000000001,0.30948649598972816,-0.04960000000000014,0.006222539674441424,-3.6192399999999996,1.9802383985773024,33.0,0.0,27.9174,0.21580898961813377,19.0,0.0,0.0,0.0,3.5,0.7071067811865476,5.349000000000003,7.72019183699473,0.09240000000000004,0.13067333316327404,-1.0084,0.08711555544218272,-0.13,0.09899494936611666,-8.711800000000002,8.940375298610235,-6.8096,5.034034596623268,23.1806,7.779023121189442,100.0,0.0,-3.0848047689843536,17.7322700365039,-2.415200000000001,3.103915926696468,-0.6696047689843532,20.836185963200368
92.0,20.0,0.0,0.0,0.0,-2.7123999999999975,2.782606605325305,0.05258,0.3091188004635111,-0.12469999999999959,0.016546298679764634,-3.5963800000000004,1.8545713814248297,33.0,0.0,27.9138,0.17847375157148568,19.0,0.0,0.0,0.0,3.5,0.7071067811865476,6.047999999999993,8.935001287073204,0.10379999999999989,0.1467953677743271,-1.0008000000000001,0.09786357851621807,-0.135,0.09192388155425119,-8.931599999999994,10.467443103260692,-6.1852,5.777345245006568,21.292200000000015,5.9569503674279725,100.0,0.0,-3.0126120867978683,17.711202634705824,-2.7123999999999975,2.782606605325305,-0.30021208679787037,20.49380924003113
93.0,20.0,0.0,0.33999999999999775,0.4808326112068491,-2.9936999999999983,2.4484279405365412,0.04996000000000002,0.3068277744924668,-0.2827799999999992,0.1354533750040939,-3.59944,1.8249577494287366,33.0,0.0,27.9225,0.18738329701443548,19.339999999999996,0.4808326112068496,0.0,0.0,3.5,0.7071067811865476,6.608099999999996,9.903878998655015,0.10929999999999995,0.1616446101792447,-0.9966000000000002,0.10380327547818512,-0.1375,0.08838834764831845,-9.456099999999998,11.64053325324918,-5.858200000000001,5.965435648802191,19.49280000000001,3.864762823253208,100.0,0.0,-2.8624971444735943,17.579936515810118,-2.9936999999999983,2.4484279405365412,0.13120285552640354,20.02836445634666
94.0,20.0,0.0,0.28000000000000114,0.3959797974644682,-3.3779999999999992,2.2797122625454307,0.04580000000000002,0.3037730731977409,-0.23663999999999968,0.5185072605084711,-3.468,1.8667619023324855,33.0,0.0,27.9388,0.18554481938335227,19.28,0.3959797974644682,0.0,0.0,3.5,0.7071067811865476,6.529799999999998,11.412420605638399,0.10439999999999998,0.19007030278294393,-0.9878,0.10210621920333744,-0.1522,0.07382194795587554,-9.576999999999998,13.430786201857282,-4.833400000000001,7.118302544848738,16.798400000000004,3.052438553026094,100.0,0.0,-2.624146701699172,17.404915023949176,-3.3779999999999992,2.2797122625454307,0.753853298300827,19.684627286494607
95.0,20.0,0.0,0.0,0.0,-3.652,1.9770705601975875,0.042499999999999996,0.29627774131716345,-0.22829999999999998,0.790969645435272,-3.3012500000000005,1.8126682335717144,33.0,0.0,27.957,0.1598061325481616,19.0,0.0,0.0,0.0,3.5,0.7071067811865476,6.674,12.15375135503438,0.1075,0.20152543263816608,-0.9825000000000002,0.10253048327204949,-0.1575,0.07424621202458748,-10.186,14.560742838193386,-4.61,7.155920625607861,14.812,1.3180470401317252,100.0,0.0,-2.435070629305999,16.975464141142236,-3.652,1.9770705601975875,1.2169293706940012,18.95253470133982
96.0,20.0,0.0,0.0,0.0,-3.9175999999999975,1.686308251773683,0.037800000000000056,0.28680251044926375,-0.19923999999999908,1.0341295253497007,-3.0869000000000018,1.6912579992419867,33.0,0.0,27.9836,0.12218805178903702,19.0,0.0,0.0,0.0,3.5,0.7071067811865476,6.594199999999999,12.578298266458779,0.105,0.2050609665440988,-0.98,0.09899494936611666,-0.16,0.07071067811865475,-10.79779999999999,15.69465927250412,-4.409000000000002,7.225217090164144,12.881600000000018,0.3371485132697188,100.0,0.0,-2.1657804655945156,16.432573402499507,-3.9175999999999975,1.686308251773683,1.751819534405481,18.11888165427319
97.0,20.0,0.0,0.5,0.7071067811865476,-4.170799999999999,1.7242091752452786,0.04454000000000004,0.2652216114874503,-0.24089999999999812,1.5356945073809412,-3.1163599999999994,1.844643602216969,33.0,0.0,27.9904,0.11257139956489978,19.5,0.7071067811865476,0.0,0.0,3.5,0.7071067811865476,5.615400000000001,13.61237122326599,0.08820000000000001,0.22372858556742364,-0.9718,0.08230722933011418,-0.16820000000000002,0.05402295808265225,-10.638199999999998,16.656890180342785,-4.2517999999999985,7.823146584335484,9.789800000000007,1.9513318733624059,100.0,0.0,-2.5519540195126886,15.196078973889334,-4.170799999999999,1.7242091752452786,1.6188459804873112,16.92028814913461
98.0,20.0,0.0,0.5,0.7071067811865476,-4.302199999999999,1.609092191268108,0.0425266666666667,0.25624606941158906,-0.4777666666666654,1.7811077009047531,-3.234823333333333,1.9065814422037033,33.0,0.0,27.9961,0.10451038225937183,19.5,0.7071067811865476,0.0,0.0,3.5,0.7071067811865476,5.340266666666668,13.61453968406163,0.08296666666666666,0.22575562500682508,-0.9737,0.07962022356160528,-0.16796666666666668,0.04897892971018821,-10.792133333333332,17.10557300323169,-4.381199999999999,8.048572226177756,8.59486666666667,1.685082600019627,100.0,0.0,-2.4365985167596826,14.681818294100394,-4.302199999999999,1.609092191268108,1.865601483240316,16.290910485368503
99.0,20.0,0.0,0.5,0.7071067811865476,-4.4612,1.454942912969441,0.03595333333333339,0.24082171349130652,-0.8522733333333314,2.2211732491535963,-3.3624666666666663,1.981501762693022,33.0,0.0,28.0084,0.0871155554421831,19.5,0.7071067811865476,0.0,0.0,3.5,0.7071067811865476,4.913933333333334,13.402879054226458,0.07593333333333335,0.22523708003395498,-0.9762,0.07608468965567254,-0.16713333333333336,0.0430863732003003,-10.900466666666668,17.489767687676384,-4.742199999999997,8.601529729065634,7.255933333333337,1.2151865736951264,100.0,0.0,-2.059974259427023,13.79806779816058,-4.4612,1.454942912969441,2.4012257405729764,15.253010711130022
100.0,20.0,0.0,0.5,0.7071067811865476,-4.9,0.9050966799187811,-0.014499999999999999,0.16334166645409248,-2.1465,3.9619192949882263,-3.1769999999999996,1.6136176746677011,33.0,0.0,28.125,0.07778174593051983,19.5,0.7071067811865476,0.0,0.0,3.5,0.7071067811865476,3.08,11.200571413994913,0.05,0.19798989873223333,-0.995,0.049497474683058366,-0.15500000000000003,0.021213203435596427,-10.520000000000001,17.182694782833106,-7.504999999999999,12.551145366061219,4.545,1.195010460205265,100.0,0.0,0.8307888029396935,9.358788106453119,-4.9,0.9050966799187811,5.730788802939694,10.2638847863719
