gait_percent,walk_dt_ms_mean,walk_dt_ms_sd,walk_exec_ms_mean,walk_exec_ms_sd,walk_tilt_forward_deg_mean,walk_tilt_forward_deg_sd,walk_pos_rad_mean,walk_pos_rad_sd,walk_vel_rad_s_mean,walk_vel_rad_s_sd,walk_tq_nm_mean,walk_tq_nm_sd,walk_temp_c_mean,walk_temp_c_sd,walk_vbus_v_mean,walk_vbus_v_sd,walk_fb_age_ms_mean,walk_fb_age_ms_sd,walk_typical_stride_ms_mean,walk_typical_stride_ms_sd,walk_effective_step_count_mean,walk_effective_step_count_sd,walk_tilt_accel_deg_mean,walk_tilt_accel_deg_sd,walk_acc_x_mean,walk_acc_x_sd,walk_acc_y_mean,walk_acc_y_sd,walk_acc_z_mean,walk_acc_z_sd,walk_gyr_x_mean,walk_gyr_x_sd,walk_gyr_y_mean,walk_gyr_y_sd,walk_gyr_z_mean,walk_gyr_z_sd,cfg_assist_pct_mean,cfg_assist_pct_sd
0.0,20.0,0.0,0.0,0.0,7.764615384615384,2.274477205580318,-0.09366666666666666,0.05089686854876413,0.4357692307692308,0.6565787506997508,-2.6235897435897435,0.8658037555069465,40.794871794871796,2.7547039881043975,25.691282051282055,0.08718339675285512,19.0,0.0,1641.0,0.0,167.05128205128204,20.774413308517055,16.201282051282053,4.830221297909097,-0.31384615384615383,0.09607057122693943,-1.0741025641025643,0.014994375913716307,-0.02461538461538462,0.02037105193859709,-1.236923076923077,3.09328913162379,15.628717948717949,12.49767434775623,0.09743589743589744,2.643789861412787,100.0,0.0
1.0,20.0,0.0,0.0,0.0,7.503446153846153,2.2604236459992877,-0.09038512820512823,0.05252726870131334,0.4395232051282053,0.6231285542647799,-2.0832951282051284,0.736905582261219,40.82410256410256,2.7096559482016955,25.691282051282055,0.08718339675285512,22.215384615384615,5.384849040621604,1641.0,0.0,167.05128205128204,20.774413308517055,16.036966666666668,4.818083090942712,-0.31163717948717945,0.09542713100218952,-1.075491025641026,0.01398486904044056,-0.023273076923076924,0.018982571113336427,-1.4039179487179485,2.918732821847053,14.299335897435899,11.965707942271115,2.2049371794871795,2.9601242895695665,100.0,0.0
2.0,20.0,0.0,0.0,0.0,7.232120512820513,2.2514765945672055,-0.08843435897435897,0.053214475068491605,0.44683820512820516,0.6379028863965184,-1.7367405128205131,0.7427289465277737,40.84615384615385,2.6807153556119614,25.691282051282055,0.08718339675285512,29.0051282051282,10.91946472367359,1641.0,0.0,167.05128205128204,20.774413308517055,15.872358974358972,4.789894654193619,-0.3089897435897436,0.09529588491383807,-1.0771000000000002,0.013154086817411556,-0.022384615384615388,0.01798921516765471,-1.5993487179487182,2.6969021577271906,12.808694871794872,11.480150927142596,4.248748717948718,3.6366914434234543,100.0,0.0
3.0,20.0,0.0,0.02564102564102564,0.16012815380508716,7.0032508547008545,2.256408458843949,-0.08854641025641026,0.05207448594825136,0.34750551282051284,0.6115140132434834,-1.653345641025641,0.7454823450936238,40.84615384615385,2.6807153556119614,25.69365384615385,0.090304394152438,37.623931623931625,13.947975494417193,1641.0,0.0,167.05128205128204,20.774413308517055,15.730847863247863,4.74659806212616,-0.305582905982906,0.09489940769162851,-1.0778576923076926,0.012982075387876874,-0.022541880341880344,0.01650561922382536,-1.7952923076923077,2.516668234218305,11.32843717948718,11.106059751572076,5.724423504273505,4.212568545760388,100.0,0.0
4.0,20.0,0.0,0.02564102564102564,0.16012815380508716,6.762637606837607,2.2297969936073905,-0.08844461538461539,0.05087359308004983,0.32627641025641024,1.5742715932597746,-1.5231210256410257,0.724646274187384,40.84615384615385,2.6807153556119614,25.7082717948718,0.08133401550564566,43.75350427350426,12.328306181440492,1641.0,0.0,167.05128205128204,20.774413308517055,15.572434188034181,4.697284922386045,-0.3020324786324787,0.09323872632640132,-1.0771333333333335,0.01219580025499146,-0.023555555555555562,0.016846422448631007,-1.9555333333333333,2.349790403344333,9.675435897435896,10.799556498093779,7.209777777777779,4.928438737621411,100.0,0.0
5.0,20.0,0.0,0.02564102564102564,0.16012815380508716,6.541403846153846,2.2306050642554784,-0.08711410256410258,0.05042400084953013,0.6246730769230769,3.2744079573510643,-1.1942525641025643,0.7517334701374093,40.84871794871795,2.6818956173878403,25.744814102564103,0.07542091793178705,41.549358974358974,19.674546479742187,1641.0,0.0,167.05128205128204,20.774413308517055,15.399339743589744,4.648973133111444,-0.2977948717948718,0.09187790224193121,-1.0758141025641028,0.012060117769772526,-0.0246923076923077,0.016941313324709863,-2.128282051282051,2.222205511674547,7.849961538461537,10.47488587450995,8.495365384615384,5.564376367988197,100.0,0.0
6.0,20.0,0.0,0.01282051282051282,0.08006407690254358,6.356400854700856,2.204335253745601,-0.08417384615384615,0.05062524919316887,1.0469810256410255,5.2111899353399505,-0.6564620512820513,0.7598415762553453,40.864615384615384,2.691329006617799,25.79687948717949,0.06884546455071493,27.057521367521367,22.638863129840818,1641.0,0.0,167.05128205128204,20.774413308517055,15.227311965811964,4.579340066544275,-0.2938905982905982,0.0904736044181741,-1.0745564102564105,0.012792366039161502,-0.02624957264957265,0.01597235710009745,-2.272479487179487,2.140850138831902,6.326307692307692,10.201714860164303,9.36685299145299,5.972149412594914,100.0,0.0
7.0,20.0,0.0,0.0,0.0,6.154189743589743,2.180455553083113,-0.08247871794871793,0.04684301860185937,0.694520769230769,4.408007764310811,-0.20055717948717947,0.5672823499112084,40.874871794871794,2.6954963626437416,25.835243589743584,0.0491539072970208,12.131666666666666,19.319889204124568,1641.0,0.0,167.05128205128204,20.774413308517055,15.01440769230769,4.487481895499889,-0.28885897435897434,0.08877132351084861,-1.0717346153846157,0.012190970309414281,-0.027950000000000006,0.014159435202830582,-2.434758974358974,2.019410240277038,4.595248717948717,9.524373181657948,10.291173076923076,6.499319609398459,100.0,0.0
8.0,20.0,0.0,0.005128205128205128,0.03202563076101744,6.003417094017094,2.1754150989637635,-0.08254358974358975,0.045052369964367116,0.40996444444444424,2.2177545428539465,-0.07895846153846153,0.30803316678513076,40.89179487179487,2.6933122552321214,25.83696923076923,0.029927193705339826,8.483589743589745,14.91199719886104,1641.0,0.0,167.05128205128204,20.774413308517055,14.819984615384614,4.435093186081976,-0.2838068376068376,0.08750726726027859,-1.0680136752136753,0.012042713256160369,-0.030266666666666674,0.014516947144147247,-2.5475760683760686,1.9107944380391746,3.3260034188034195,9.108728334709712,10.918974358974358,7.1825356827559235,100.0,0.0
9.0,20.0,0.0,0.015384615384615387,0.09607689228305227,5.875594017094018,2.1464316829867527,-0.08230076923076925,0.04418925047211651,-0.12960444444444447,1.6622328050994337,-0.013573846153846145,0.08182315245041019,40.93435897435898,2.7279122968536282,25.83892692307693,0.01825769068723595,5.893333333333333,7.6659154475589375,1641.0,0.0,167.05128205128204,20.774413308517055,14.618192735042738,4.353538225065018,-0.2785448717948717,0.08510105389238279,-1.063998717948718,0.011878398488528322,-0.03306239316239317,0.01502737935833681,-2.6591427350427352,1.8236225776095163,2.1189726495726497,8.673092879025848,11.35398974358974,7.570918615056768,100.0,0.0
10.0,20.0,0.0,0.02564102564102564,0.16012815380508716,5.776594017094017,2.1536431950060835,-0.08282179487179488,0.04347071275866418,-0.06569017094017095,1.0944480602653939,0.0,0.0,40.9474358974359,2.7251013674518583,25.83976923076924,0.015199483264176885,5.051282051282051,4.32221140979767,1641.0,0.0,167.05128205128204,20.774413308517055,14.426384615384617,4.3206866146322565,-0.2742991452991453,0.08379972277556744,-1.060444444444444,0.010420636670375983,-0.03507692307692308,0.014367607234742391,-2.723004273504274,1.793533019962194,1.2486495726495725,8.414076643770484,11.656448717948715,7.907848811544661,100.0,0.0
11.0,20.0,0.0,0.038205128205128225,0.17645443417899856,5.699888888888889,2.1659287654104324,-0.08294923076923078,0.042949770946917896,0.08306051282051277,0.2973304562501313,0.0,0.0,40.94871794871795,2.7236654670220264,25.839284615384624,0.014112751577386801,5.063846153846154,4.328732411630219,1641.0,0.0,167.05128205128204,20.774413308517055,14.231340598290595,4.297706422660477,-0.268982905982906,0.083387580719395,-1.0568363247863246,0.009177114358567046,-0.036640170940170955,0.014232973678613068,-2.771867094017094,1.7625593258751164,0.5025341880341883,8.046809952092914,11.86670512820513,8.063781943167033,100.0,0.0
12.0,20.0,0.0,0.035897435897435895,0.17089113106730522,5.636452991452991,2.1512942286650607,-0.08241384615384616,0.04221782141873417,0.12321247863247863,0.2846721033055748,0.0,0.0,40.94871794871795,2.7236654670220264,25.839230769230774,0.014027157003586074,5.061538461538461,4.327428760374151,1641.0,0.0,167.05128205128204,20.774413308517055,14.009022222222221,4.18390356581401,-0.26372307692307695,0.08016605213823118,-1.0526358974358974,0.009041617178667659,-0.03908034188034188,0.013859539155795773,-2.852668376068376,1.7531236308780962,-0.25422735042735056,7.4309445031451355,11.860933333333334,8.216673035049665,100.0,0.0
13.0,20.0,0.0,0.03743589743589746,0.17082952334384108,5.600470512820513,2.142166023552537,-0.08040807692307692,0.042545643502864945,0.19061769230769232,0.32162574636492886,0.0,0.0,40.94871794871795,2.7236654670220264,25.840253846153853,0.014056743018619694,5.063076923076923,4.325957243532868,1641.0,0.0,167.05128205128204,20.774413308517055,13.73998717948718,4.063021990508743,-0.25742948717948727,0.07708260582506749,-1.0477769230769232,0.008980672567078985,-0.042091025641025646,0.013834633655939796,-2.912026923076923,1.7328032907935687,-0.8413743589743592,7.016818921235191,11.396542307692311,8.462864245294343,100.0,0.0
14.0,20.0,0.0,0.07897435897435896,0.25021879764249777,5.587528205128204,2.1331688892286538,-0.07760999999999998,0.04370833841921266,0.2729541025641025,0.3821310295236849,0.0,0.0,40.94871794871795,2.7236654670220264,25.840292307692312,0.013979748221048242,5.104615384615384,4.326648056037112,1641.0,0.0,167.05128205128204,20.774413308517055,13.485989743589744,3.9580493547489883,-0.2511205128205128,0.0750844302995921,-1.0435615384615384,0.009243421996340371,-0.0447948717948718,0.013738496598933975,-2.9683974358974354,1.72854147895471,-1.1982769230769228,6.618734757110286,10.756815384615383,8.677014962639072,100.0,0.0
15.0,20.0,0.0,0.10256410256410256,0.3073547406047282,5.598173076923077,2.132410061003566,-0.07431666666666666,0.04440181522387839,0.3440442307692308,0.43934763823096795,0.0,0.0,40.96410256410256,2.731443341174384,25.840192307692316,0.013936706259964472,5.128205128205129,4.329698465126686,1641.0,0.0,167.05128205128204,20.774413308517055,13.203211538461538,3.785249669570263,-0.24423076923076928,0.07115012354853406,-1.0388397435897438,0.008841530138821075,-0.047403846153846164,0.013183125101787995,-3.008205128205128,1.7151789906517072,-1.5046346153846153,6.250437721210473,9.927884615384613,8.764954688432987,100.0,0.0
16.0,20.0,0.0,0.12820512820512822,0.3116245361841022,5.629328205128207,2.130337341948295,-0.0708523076923077,0.04576251502459757,0.4292661538461539,0.46285671713037996,0.0,0.0,40.97435897435897,2.738489590297422,25.840225641025647,0.014386190709528344,5.153846153846154,4.318162752219498,1641.0,0.0,167.05128205128204,20.774413308517055,12.95835384615385,3.6891422584493703,-0.23898461538461546,0.06930584215695687,-1.035651282051282,0.007800771614832394,-0.05002051282051283,0.013131464412807558,-3.0386461538461536,1.7062980263294774,-1.652830769230769,5.840109424991148,9.038410256410256,8.7984895244281,100.0,0.0
17.0,20.0,0.0,0.21512820512820513,0.3863586539042366,5.674821794871795,2.128726250904235,-0.06714876068376067,0.04718784181971072,0.4922975213675214,0.4929100993158728,0.0,0.0,40.97435897435897,2.738489590297422,25.841243589743595,0.015173328311145108,5.240769230769231,4.29790792719054,1641.0,0.0,167.05128205128204,20.774413308517055,12.691445299145302,3.5428897765215788,-0.2331952991452992,0.06593326292599948,-1.0317423076923076,0.007276788426055206,-0.05259102564102564,0.01313236195432205,-3.075318376068376,1.7070737324678733,-1.7555623931623934,5.278477637815647,8.012682051282052,8.927906430139558,100.0,0.0
18.0,20.0,0.0,0.2341025641025641,0.42548868467061024,5.733180341880343,2.134899167794623,-0.06269358974358975,0.04898643166591565,0.5524432478632478,0.5253648012479931,0.0,0.0,40.97435897435897,2.738489590297422,25.841374358974367,0.01574493599373162,5.259743589743589,4.297017623752479,1641.0,0.0,167.05128205128204,20.774413308517055,12.437585470085471,3.4007899028750326,-0.22773162393162388,0.06293906314456603,-1.0290495726495725,0.00757168421550643,-0.05474871794871797,0.01284715556875635,-3.07794188034188,1.6944834876174117,-1.7867974358974361,4.957621173184385,6.895361538461539,9.100654692661442,100.0,0.0
19.0,20.0,0.0,0.2448717948717949,0.42455625003842984,5.809455555555556,2.1302333222369367,-0.056562008547008547,0.05309205254781257,0.6473898717948717,0.5700386722470854,0.0,0.0,40.97435897435897,2.738489590297422,25.840835897435905,0.014577239598257496,5.27051282051282,4.296828817626926,1641.0,0.0,167.05128205128204,20.774413308517055,12.16256282051282,3.2898007803368574,-0.22157435897435895,0.06068315455123274,-1.0263850427350427,0.0076939054589705005,-0.05719871794871795,0.012495375392833434,-3.092601282051282,1.701810934574633,-1.7766786324786323,4.652226621666378,5.50313846153846,9.373120862404631,100.0,0.0
20.0,20.0,0.0,0.27948717948717944,0.42746467208874767,5.904923076923076,2.1525816371170317,-0.05083760683760684,0.05562394157189332,0.7091418803418803,0.5464644220302995,0.007053846153846153,0.04405125511177945,40.97435897435897,2.738489590297422,25.841282051282057,0.021037496246300247,5.2794871794871785,4.235015658156568,1641.0,0.0,167.05128205128204,20.774413308517055,11.86924786324786,3.1857900355166784,-0.21535042735042736,0.058061217376686645,-1.0243076923076926,0.00722624546232561,-0.05961538461538462,0.013144170980675456,-3.0900170940170937,1.704033237514429,-1.724188034188034,4.284567763821343,4.0272051282051295,9.577598941443043,100.0,0.0
21.0,20.0,0.0,0.3383333333333333,0.450197812273048,5.984932051282051,2.1720112354465866,-0.045385982905982905,0.05722629605771354,0.7281578632478632,0.5425680616355979,0.031974999999999976,0.20494029480686868,40.97435897435897,2.738489590297422,25.839408974358978,0.03211813898020815,5.432564102564102,4.278260817292785,1641.0,0.0,167.05128205128204,20.774413308517055,11.611203418803417,3.0945027728611447,-0.21020598290598289,0.056592451851264686,-1.0227076923076925,0.0067461542500888575,-0.06236025641025641,0.013310102907423663,-3.068734188034188,1.7124988630975384,-1.6310196581196579,3.972967065653101,2.712383333333332,9.940721029467719,100.0,0.0
22.0,20.0,0.0,0.3607692307692308,0.4592120517822069,6.099753846153847,2.1748938035594136,-0.038740769230769224,0.058784467174345136,0.7435484615384613,0.6164863536140176,0.06211666666666661,0.3667222711099913,40.97435897435897,2.738489590297422,25.835976923076927,0.04658818159112442,5.972307692307693,4.814230255759023,1641.0,0.0,167.05128205128204,20.774413308517055,11.327153846153848,2.9556616901738155,-0.20468717948717946,0.053937630548660354,-1.0203153846153847,0.005325239725838818,-0.06480256410256412,0.0134722421683191,-3.0150615384615387,1.7619654391459951,-1.5342948717948717,3.6942596884575516,1.0883153846153841,9.955515729947434,100.0,0.0
23.0,20.0,0.0,0.45628205128205124,0.47763082796995054,6.233902564102564,2.164257247331017,-0.03052141025641026,0.06079032376201347,0.7462944871794871,0.6307949381792983,0.08899230769230766,0.5063234175521012,40.97435897435897,2.738489590297422,25.831867948717957,0.05748150559227848,6.20051282051282,5.053462569429083,1641.0,0.0,167.05128205128204,20.774413308517055,11.024349999999998,2.842445964792147,-0.1987051282051282,0.0518032700589347,-1.0177153846153846,0.0057525069345798025,-0.06695512820512821,0.01267454865215178,-2.9711474358974366,1.8022753661015316,-1.3318192307692307,3.2919126167819734,-0.9499435897435896,9.934727229774536,100.0,0.0
24.0,20.0,0.0,0.5138461538461538,0.4917456305674573,6.347027350427349,2.1767624845366274,-0.02349589743589744,0.061999631608326125,0.6976654700854698,0.7101850916649066,0.08727435897435895,0.5831043531947858,40.97435897435897,2.738489590297422,25.830977777777782,0.06441133410366245,6.473846153846154,5.103217053143827,1641.0,0.0,167.05128205128204,20.774413308517055,10.740153846153845,2.786348912848058,-0.19286324786324785,0.05075402199075574,-1.0166153846153845,0.0059145466730915405,-0.06923418803418802,0.012661447417742205,-2.9097316239316235,1.8741565737787056,-1.1748136752136755,2.9997191722820666,-2.7366666666666672,10.190262925829927,100.0,0.0
25.0,20.0,0.0,0.5512820512820513,0.49729362017762274,6.489914529914531,2.2058309476858615,-0.016897435897435902,0.062376502142779296,0.5372232905982905,0.7835307295779199,0.06960576923076923,0.7124432148069016,41.0,2.772040859423935,25.828322649572655,0.07099867745321022,7.012820512820513,5.384538268196579,1641.0,0.0,167.05128205128204,20.774413308517055,10.379166666666665,2.740611790812153,-0.18590811965811965,0.05026827442165023,-1.0149358974358973,0.005777883749330961,-0.07223290598290598,0.013277875062932118,-2.8436431623931626,1.9487640541628033,-1.0453098290598286,2.6528836851317066,-4.9411538461538465,10.385385204892401,100.0,0.0
26.0,20.0,0.0,0.5930769230769231,0.4554070119779717,6.609188888888889,2.2080193682186873,-0.014077692307692308,0.06193384031459182,0.3685154700854703,0.80282143606942,-0.011765897435897229,0.8293096402421201,41.0,2.772040859423935,25.82424444444445,0.07653125277343968,7.877179487179488,5.797716859482363,1641.0,0.0,167.05128205128204,20.774413308517055,10.07068717948718,2.7081533512300737,-0.18063247863247864,0.04921574326590197,-1.0142153846153843,0.005739500182784058,-0.07411623931623931,0.013568026294633417,-2.771911111111111,2.0445513990203,-0.9303598290598291,2.4336420256993967,-6.693846153846154,10.543188351399063,100.0,0.0
27.0,20.0,0.0,0.6132051282051282,0.44393054100407126,6.722531196581197,2.2221292428441712,-0.011443589743589746,0.0602164269744071,0.2698362393162393,0.9192449851490856,-0.00033012820512822713,0.8454870116594646,41.0,2.772040859423935,25.82251111111112,0.07406503980848407,8.921410256410256,6.060088907277068,1641.0,0.0,167.05128205128204,20.774413308517055,9.708950000000002,2.7262015993435185,-0.17458119658119658,0.04911726096049645,-1.013805128205128,0.006037294127162256,-0.07664188034188034,0.013676626597400411,-2.674050854700855,2.1278301048214896,-0.8318495726495728,2.27959548091017,-8.29323076923077,10.745185872284827,100.0,0.0
28.0,20.0,0.0,0.5369230769230767,0.455713170675509,6.843581196581196,2.245131447040669,-0.008517435897435904,0.05716902955815135,0.2615993162393161,0.9778735723204688,0.07255589743589742,0.9942639613003285,41.0,2.772040859423935,25.812357264957267,0.07704805743752242,10.516410256410255,6.471127570816912,1641.0,0.0,167.05128205128204,20.774413308517055,9.330138461538462,2.6841834705328513,-0.1670529914529915,0.047756627608969586,-1.0135692307692306,0.006300632960941474,-0.07883931623931624,0.013264142561158676,-2.5298495726495727,2.191719826916777,-0.7158444444444444,2.130062639681486,-9.785810256410258,10.621797226156044,100.0,0.0
29.0,20.0,0.0,0.49435897435897413,0.45097289492475623,6.974953846153847,2.2399219837913242,-0.0062366666666666725,0.05460752348798861,0.1771779487179487,0.9357861426522044,0.09812884615384611,1.0740729796748973,41.0,2.772040859423935,25.803724358974364,0.07464380140637261,12.144102564102567,6.751937915945519,1641.0,0.0,167.05128205128204,20.774413308517055,8.919901282051281,2.720025455146156,-0.15915512820512823,0.04825421142633945,-1.0135448717948716,0.0065367664112089795,-0.08088333333333332,0.013225893330356361,-2.345591025641026,2.2568364364535114,-0.6089269230769232,2.0880393760102396,-11.283893589743588,10.312763526063094,100.0,0.0
30.0,20.0,0.0,0.48461538461538456,0.46285069863917155,7.077076923076922,2.2702134740176607,-0.0073166666666666675,0.05167328579558572,0.0567820512820513,0.9391749143100905,0.17100641025641022,1.2508398826377822,41.0,2.772040859423935,25.79275641025641,0.07862802766280627,13.094871794871795,6.554887638763544,1641.0,0.0,167.05128205128204,20.774413308517055,8.49028205128205,2.7437089759428503,-0.15112820512820513,0.04826417407689928,-1.0140128205128205,0.006902027905172419,-0.08357692307692308,0.013375418567743895,-2.1427307692307695,2.347982801218487,-0.4878076923076925,2.0281454473152527,-12.287282051282054,10.271166501421956,100.0,0.0
31.0,20.0,0.0,0.39807692307692305,0.43705897377665676,7.180362820512821,2.2841300425786306,-0.006759358974358971,0.04592637411890744,0.026977564102564078,1.103927102418352,0.31393051282051304,1.6027809166581934,41.0,2.772040859423935,25.765467948717944,0.14080181223002886,14.740641025641029,5.639002125643279,1641.0,0.0,167.05128205128204,20.774413308517055,8.061966666666667,2.8262407869524018,-0.1435551282051282,0.05027908400914757,-1.0141217948717949,0.007597530717900833,-0.0854448717948718,0.013842396710600996,-1.8946910256410259,2.489105552488785,-0.4002192307692308,2.043195872073923,-13.196187179487179,9.915895787776403,100.0,0.0
32.0,20.0,0.0,0.32512820512820506,0.394107063965804,7.277902564102563,2.298990951137978,-0.00676102564102564,0.041613980684309236,-0.08961128205128185,0.9418150091213284,0.3752687179487182,1.8121322002128635,41.0,2.772040859423935,25.7471282051282,0.1612966896072965,15.72307692307692,4.8522648829105695,1641.0,0.0,167.05128205128204,20.774413308517055,7.646789743589743,2.8550207251339996,-0.13592307692307692,0.05108928439268929,-1.0148153846153845,0.008049110394177226,-0.08672307692307693,0.014239279652434772,-1.6315538461538461,2.5441872640699756,-0.31384615384615383,2.082779678300151,-13.901087179487178,9.660749806771824,100.0,0.0
33.0,20.0,0.0,0.3403846153846153,0.4078947629619947,7.367505982905984,2.3286790573690794,-0.0073614957264957264,0.03713108250090898,-0.17658739316239297,0.8485004500676638,0.5335959401709404,1.9834722611562126,41.0,2.772040859423935,25.731699572649568,0.17974570416290098,17.20910256410256,3.0703828991020816,1641.0,0.0,167.05128205128204,20.774413308517055,7.148538461538463,2.8909450629113063,-0.1272542735042735,0.05145231493578023,-1.016170512820513,0.008352810100331495,-0.08965470085470084,0.014401936470630039,-1.310213247863248,2.601385152925701,-0.25019786324786325,2.14588539524369,-14.231570940170942,9.274602557240746,100.0,0.0
34.0,20.0,0.0,0.3846153846153848,0.429601076605079,7.434210256410256,2.35011257992316,-0.008312564102564103,0.0322940161247078,-0.15835923076923072,0.6846045662677512,0.815252564102564,2.221289229214609,41.0,2.772040859423935,25.710397435897434,0.20523391082164535,17.761025641025636,2.0558412222017983,1641.0,0.0,167.05128205128204,20.774413308517055,6.677579487179487,2.9812356281617163,-0.11943333333333332,0.05286212121783539,-1.0183025641025638,0.00935913533960235,-0.09173333333333333,0.013846723597514503,-0.9408230769230767,2.642799868108536,-0.2538769230769232,2.2507734775150117,-14.002243589743589,8.99229698867445,100.0,0.0
35.0,20.0,0.0,0.4115384615384616,0.4385174692645692,7.48369658119658,2.367631689101272,-0.009434401709401711,0.02821521037341835,-0.17111260683760685,0.6263102046409564,1.0273380341880345,2.2917804075902968,41.0,2.772040859423935,25.69938247863248,0.21213694279698217,17.95,1.904392429704495,1641.0,0.0,167.05128205128204,20.774413308517055,6.260525641025642,3.0711254788044853,-0.11172008547008545,0.054157176925737203,-1.0202564102564098,0.010181169276034097,-0.0934594017094017,0.014580298829588986,-0.5395790598290597,2.7261174612674806,-0.2816239316239316,2.322876215277699,-13.537284188034187,8.705066326795988,100.0,0.0
36.0,20.0,0.0,0.43743589743589734,0.4484400913383727,7.525203418803419,2.393449926200206,-0.010902393162393161,0.02551596897012987,-0.18861213675213667,0.5357468019707838,1.2195781196581201,2.288041041354778,41.0,2.772040859423935,25.69354188034188,0.20976711518988045,18.00153846153846,1.919596364455077,1641.0,0.0,167.05128205128204,20.774413308517055,5.860600000000001,3.083276133561422,-0.10485299145299144,0.05480909810394403,-1.0215999999999998,0.010998660205488196,-0.0949162393162393,0.014753956495418642,-0.1417504273504271,2.730559751055829,-0.3472888888888891,2.4024571490581113,-12.881765811965812,8.678308778645404,100.0,0.0
37.0,20.0,0.0,0.4849999999999999,0.4703791863458337,7.564519230769229,2.4182884732425562,-0.011959059829059829,0.0232297841804315,-0.18654170940170936,0.45393229326979,1.4345770085470084,2.2321739482669827,41.0,2.772040859423935,25.68763974358974,0.1993013320193046,18.049102564102565,1.9271433289344126,1641.0,0.0,167.05128205128204,20.774413308517055,5.448951282051282,3.075315136536656,-0.09709700854700855,0.05519229500528328,-1.0236803418803415,0.012166584277415635,-0.09626880341880341,0.01470614860246043,0.3077371794871796,2.74324466812084,-0.43012991452991456,2.4807914187720255,-12.044194871794872,8.93905540532369,100.0,0.0
38.0,20.0,0.0,0.6274358974358974,0.4142953303897185,7.591025641025642,2.448411010142781,-0.013936324786324786,0.02010023667770917,-0.19718034188034192,0.37144404205275416,1.7163740170940174,2.0267681803593285,41.0,2.772040859423935,25.688651282051282,0.1806531976668564,18.19153846153846,1.9293093098193106,1641.0,0.0,167.05128205128204,20.774413308517055,4.886579487179487,3.055274090571175,-0.08708888888888887,0.05519893757629451,-1.027824786324786,0.013675875626410483,-0.09753760683760684,0.015016572092089162,0.9506128205128204,2.7659979301453124,-0.5785008547008547,2.590172927714883,-10.494723076923075,9.022246832354298,100.0,0.0
39.0,20.0,0.0,0.6997435897435899,0.4260929425389623,7.5878551282051285,2.481369648203516,-0.015869358974358976,0.01753678664301083,-0.1530917948717948,0.3894462118297413,1.9224608974358979,1.7974950734622008,41.0,2.772040859423935,25.691234615384616,0.15851994816934317,18.263846153846153,1.9431399106988168,1641.0,0.0,167.05128205128204,20.774413308517055,4.367107692307692,3.1152267824758857,-0.07803974358974358,0.05617520076965877,-1.0326858974358974,0.017346294723103926,-0.09923076923076923,0.015478867663028667,1.6307833333333337,2.6844893860582966,-0.8527064102564105,2.699874288184045,-8.208210256410252,10.213145347245922,100.0,0.0
40.0,20.0,0.0,0.7974358974358975,0.34980233477537714,7.588256410256409,2.497418790818661,-0.0165008547008547,0.015434071232368275,-0.11657094017094018,0.4018886239897413,2.034905982905983,1.6501455309003499,41.0,2.772040859423935,25.693435897435897,0.1374548337056277,18.361538461538462,1.938205271923839,1641.0,0.0,167.05128205128204,20.774413308517055,3.9840769230769237,3.0502851409819947,-0.07162393162393162,0.055278623317078536,-1.0369829059829059,0.019451987483648764,-0.1002136752136752,0.015886381526599977,2.2153846153846155,2.642598378544004,-1.1106068376068376,2.733250460737473,-6.256846153846155,10.727622068234245,100.0,0.0
41.0,20.0,0.0,0.8376923076923077,0.34137848680762034,7.5662692307692305,2.5168813983520253,-0.017216452991452993,0.013816708289249557,-0.0863805982905982,0.41053400950684604,2.121854145299145,1.498617449513366,41.0,2.772040859423935,25.697929487179486,0.12301492994431068,18.401794871794873,1.9423248031741864,1641.0,0.0,167.05128205128204,20.774413308517055,3.622832051282051,3.033168289565757,-0.06561324786324786,0.05506683461534634,-1.0405555555555555,0.022009541834710683,-0.10161068376068377,0.016614025853950137,2.7585884615384626,2.516395779327772,-1.405570085470086,2.762947181863726,-4.0298730769230735,11.556987810017837,100.0,0.0
42.0,20.0,0.0,0.876923076923077,0.288609678560343,7.525387179487179,2.5368140529100347,-0.017913333333333333,0.01181211205619343,-0.024185384615384546,0.39382477247499265,2.162225384615385,1.315835577556082,41.0,2.772040859423935,25.703384615384614,0.10837433309079429,18.441025641025643,1.9391422342335782,1641.0,0.0,167.05128205128204,20.774413308517055,3.20511282051282,3.0410313700747444,-0.058558974358974364,0.05512477577445132,-1.0457692307692308,0.024908676926621735,-0.10212564102564102,0.016968356276017175,3.35661282051282,2.312425658228024,-1.7907333333333333,2.7792320147397533,-1.062366666666665,12.281905080717506,100.0,0.0
43.0,20.0,0.0,0.9038461538461539,0.2838607459246932,7.4778679487179485,2.5553325199340544,-0.018132692307692305,0.010886829914490468,0.034766666666666765,0.3938705537578861,2.1655775641025636,1.2060462383155524,41.0,2.772040859423935,25.706673076923078,0.09344329187023788,18.46794871794872,1.9288832049539895,1641.0,0.0,167.05128205128204,20.774413308517055,2.8322115384615385,3.0129603255082937,-0.05215384615384615,0.054853590278091745,-1.051796153846154,0.0272691178340883,-0.10213333333333334,0.017086129852407577,3.9022000000000006,2.121575683276093,-2.231179487179488,2.7649153082041837,1.9109730769230788,12.664171072842336,100.0,0.0
44.0,20.0,0.0,0.9210256410256411,0.2515613859561589,7.43811794871795,2.5768468511231024,-0.017146666666666664,0.010787094953872414,0.09501230769230774,0.37296763007885764,2.0508964102564105,1.1400279022704647,41.0,2.772040859423935,25.717764102564104,0.07980384995059127,18.485128205128206,1.9283847505850071,1641.0,0.0,167.05128205128204,20.774413308517055,2.4811641025641027,2.9276423206438373,-0.04602564102564102,0.053363326249345276,-1.0589128205128207,0.03097264650153489,-0.1018051282051282,0.01723225171952975,4.338646153846154,2.0245606548538344,-2.7117692307692316,2.829965045176898,5.081994871794874,13.608544379368288,100.0,0.0
45.0,20.0,0.0,0.9487179487179487,0.2125927597813975,7.396833333333333,2.5915823639473254,-0.015919871794871795,0.011677556887104082,0.13850833333333332,0.31610730478109,1.9093198717948718,1.1067276233602086,41.01538461538461,2.7850671787738617,25.731653846153847,0.07168148698878277,18.512820512820515,1.9301185520146962,1641.0,0.0,167.05128205128204,20.774413308517055,2.171935897435898,2.8225624501959934,-0.0408397435897436,0.05138766770381573,-1.0659358974358975,0.03342370130673495,-0.10132692307692306,0.01736282267766484,4.685192307692307,1.9272144973052376,-3.1825448717948714,2.9238082271107277,8.086641025641025,14.152112993132082,100.0,0.0
46.0,20.0,0.0,0.9528205128205129,0.18396150509719364,7.336289743589745,2.6367537896550863,-0.014345897435897434,0.011654239508244181,0.19681974358974366,0.32713142159887504,1.6873225641025635,1.0266793359039617,41.01846153846154,2.788062464811775,25.748717948717946,0.06104687531033135,18.742564102564103,0.6075867620466272,1641.0,0.0,167.05128205128204,20.774413308517055,1.8459512820512822,2.7234391149960406,-0.03447948717948718,0.05052269515817505,-1.0759076923076927,0.03668989811217496,-0.10068717948717948,0.01704569986655346,5.0697256410256415,1.9860226458556691,-3.774338461538462,2.9541261247364177,12.264464102564103,15.654435531276372,100.0,0.0
47.0,20.0,0.0,0.9523076923076923,0.20843352516559163,7.276835897435897,2.6535211439347983,-0.012944487179487178,0.011183796772850007,0.21201025641025636,0.2676946377280531,1.4880265384615383,1.0247010466595623,41.00102564102564,2.7728076165274445,25.758069230769227,0.05729954029321463,18.798461538461538,0.4024761415716624,1641.0,0.0,167.05128205128204,20.774413308517055,1.5806807692307692,2.642132836380671,-0.030120512820512823,0.04985433085493427,-1.0843076923076924,0.03836182405118937,-0.10021923076923077,0.01616996328229001,5.305923076923078,2.1268937322773813,-4.304992307692308,3.031916425614822,15.92717051282052,16.349925893179545,100.0,0.0
48.0,20.0,0.0,0.9682051282051284,0.16368891861782392,7.218328205128205,2.676486247022264,-0.011318974358974358,0.010536302106444774,0.2009358974358974,0.19892276851923624,1.269155897435897,1.007978455212312,41.01641025641025,2.786051239922013,25.770010256410252,0.05062443655240235,18.814358974358974,0.3877587073357732,1641.0,0.0,167.05128205128204,20.774413308517055,1.3909076923076924,2.5811905436898703,-0.02713846153846155,0.04865202227302644,-1.0927641025641028,0.03929753900945617,-0.10035897435897437,0.016123874386640678,5.331271794871793,2.3383231119249723,-5.02954871794872,3.701936958921274,19.62049743589744,16.958061979878906,100.0,0.0
49.0,20.0,0.0,0.9743589743589743,0.16012815380508716,7.1561551282051274,2.6805380476882976,-0.009519487179487177,0.009002751318849245,0.1823452564102564,0.19831071867993819,1.0123285897435896,0.9934846066834844,41.02564102564103,2.7955526662632475,25.78379743589743,0.04384159576895091,18.82051282051282,0.3887764119844716,1641.0,0.0,167.05128205128204,20.774413308517055,1.1706205128205132,2.521429822873009,-0.022960256410256417,0.04739428982300781,-1.1023923076923077,0.03973213192986634,-0.10021410256410257,0.016461034327984937,5.386773076923076,2.636841279498869,-5.786312820512821,4.371201987601382,23.83908717948718,17.220366817692476,100.0,0.0
50.0,20.0,0.0,0.9743589743589743,0.16012815380508716,7.070448717948718,2.6944455459208156,-0.007480769230769229,0.008284692728353832,0.1542820512820513,0.14781509808540297,0.7645833333333334,0.9464175168645551,41.02564102564103,2.7955526662632475,25.79564102564102,0.043455656272552476,18.82051282051282,0.3887764119844716,1641.0,0.0,167.05128205128204,20.774413308517055,0.9934615384615384,2.4906596314626315,-0.01916666666666667,0.04728946880278021,-1.1144871794871793,0.04067756513107993,-0.09910256410256411,0.01757958575614411,5.338269230769232,3.1132689894397636,-6.6703846153846165,5.27615709866159,29.026217948717942,17.693307126229694,100.0,0.0
51.0,20.0,0.0,0.9948717948717948,0.03202563076101743,7.026542307692307,2.698687710978549,-0.00644679487179487,0.0075409404068705515,0.12476730769230766,0.14803626563965475,0.6569487179487179,0.8574448244384054,41.02564102564103,2.7955526662632475,25.800782051282045,0.03605354111956829,18.84102564102564,0.3647046019639144,1641.0,0.0,167.05128205128204,20.774413308517055,0.9267641025641026,2.4493594036032293,-0.01813076923076924,0.046994573616458236,-1.1219217948717943,0.039820029003650254,-0.09832564102564102,0.01771494266593093,5.137821794871794,3.473976077088548,-7.37860641025641,6.162747441057478,32.53902564102564,18.028275685776265,100.0,0.0
52.0,20.0,0.0,0.9938461538461538,0.03843075691322147,6.981430769230769,2.701533466497738,-0.0053651282051282055,0.006281482758157157,0.08870615384615374,0.16216817107096576,0.542645641025641,0.7119964280801698,41.02564102564103,2.7955526662632475,25.808646153846155,0.028467320563778768,18.84,0.36487921577593746,1641.0,0.0,167.05128205128204,20.774413308517055,0.8306153846153845,2.3449737479776727,-0.01647179487179488,0.046685070016902946,-1.1305846153846153,0.03762477863870206,-0.09748205128205129,0.017985240612570008,4.822379487179488,3.806977797011242,-8.34549230769231,6.82022068555528,37.20569230769231,17.61461128452568,100.0,0.0
53.0,20.0,0.0,0.977948717948718,0.13771021227237534,6.957607692307691,2.7036594527393127,-0.004890641025641024,0.005255075138364014,0.050713717948717846,0.17546730224234883,0.4958206410256408,0.6031047638297875,41.03410256410256,2.795972402119575,25.814564102564095,0.02504787507721797,18.824102564102564,0.38158063194751246,1641.0,0.0,167.05128205128204,20.774413308517055,0.8100294871794875,2.305919590330103,-0.015762820512820522,0.04636317691244103,-1.1356004273504277,0.03610702364146498,-0.09673290598290599,0.018167686067962194,4.481064529914528,4.083789478625658,-9.181898290598292,7.459297023688896,40.46204230769231,17.53310121831042,100.0,0.0
54.0,20.0,0.0,0.9641025641025641,0.17089113106730525,6.949470085470087,2.7163547676384643,-0.0047048717948717945,0.004253967727956964,0.02462649572649568,0.1746820890756395,0.49449538461538467,0.5088557696742461,41.04974358974359,2.7993753882076198,25.816225641025635,0.023368993379089854,18.81025641025641,0.38919273522921227,1641.0,0.0,167.05128205128204,20.774413308517055,0.8355017094017096,2.3312464599718976,-0.016167521367521375,0.04654650663532138,-1.1398205128205128,0.0330851529530834,-0.09658888888888889,0.01844134106915356,3.968964957264957,4.749477178465956,-10.61078717948718,9.66208392405159,43.86799658119658,17.128042010125718,100.0,0.0
55.0,20.0,0.0,0.9467948717948718,0.21338280149301972,6.9571538461538465,2.7176117778392497,-0.0046474358974358965,0.003648340443160942,0.011521153846153842,0.16579747826974717,0.5183935897435897,0.4698370537007439,41.037179487179486,2.796372602157028,25.816256410256404,0.023442502952316077,18.79294871794872,0.40290673785158737,1641.0,0.0,167.05128205128204,20.774413308517055,0.8533846153846155,2.3211112036885835,-0.016737179487179493,0.046542883053029595,-1.142153846153846,0.03230755855958429,-0.09602564102564101,0.018573449045524465,3.538,5.088562287259122,-11.646705128205127,10.721347826801559,46.462076923076914,16.790068302495964,100.0,0.0
56.0,20.0,0.0,0.9707692307692307,0.10471476584624928,6.971360683760685,2.715645684186228,-0.0048420512820512825,0.003630017528946498,-0.01742495726495726,0.16023422077001206,0.5734194871794873,0.4860499721002743,41.02564102564103,2.7955526662632475,25.815220512820506,0.022328306079092926,18.816923076923075,0.3678826603984786,1641.0,0.0,167.05128205128204,20.774413308517055,0.8724598290598292,2.3006469494289923,-0.01768888888888889,0.045851163570619746,-1.1427435897435896,0.03189070347391501,-0.09470598290598291,0.01895763030783618,3.127668376068376,5.3183101601805856,-12.520769230769233,11.286545306814265,48.84643931623932,16.298347511627018,100.0,0.0
57.0,20.0,0.0,0.9637179487179489,0.15212407483054713,7.011597863247864,2.7112706909128805,-0.0051267521367521374,0.0037618853162813856,-0.03867811965811965,0.13593286665864857,0.6149067094017097,0.5214580400826936,41.02564102564103,2.7955526662632475,25.81437179487179,0.022991485251328648,18.809871794871796,0.38116595221885197,1641.0,0.0,167.06,20.779630207945168,0.8550585470085471,2.278095322001223,-0.01720726495726496,0.04550296979493695,-1.1408435897435898,0.03197043650259471,-0.09394487179487178,0.019555840407972196,2.7569918803418796,5.674316331860482,-13.456930769230768,12.144290743732107,50.79316452991453,15.394005629748095,100.0,0.0
58.0,20.0,0.0,0.8814529914529916,0.3056282905292139,7.075800854700854,2.713533006893812,-0.00554957264957265,0.004156112399875856,-0.04604188034188033,0.11081136362335396,0.6814476068376069,0.5551985724229105,41.005641025641026,2.7764382663213776,25.811451282051273,0.02409855719414304,18.72760683760684,0.4862284428799561,1641.0,0.0,167.07589743589745,20.789507059540338,0.7988623931623933,2.2715218407603817,-0.015849572649572652,0.045115213051064876,-1.1369649572649574,0.03385727780195777,-0.0934119658119658,0.019179593637920468,2.2850649572649555,5.8925930373575905,-14.756566666666668,12.822764919917311,52.055594871794874,14.277857986672068,100.0,0.0
59.0,20.0,0.0,0.8656837606837607,0.2853303507459909,7.154655982905983,2.725740975532022,-0.005935000000000002,0.004275529890896942,-0.05241594017094018,0.08787587076406764,0.7411864102564103,0.5415811707156766,41.01435897435897,2.7840975055442767,25.811571794871785,0.02511582588432104,18.726709401709403,0.4512579051452344,1641.0,0.0,167.08717948717947,20.77553190765242,0.738891452991453,2.2551015401111267,-0.014383760683760682,0.04410845559612945,-1.1310799145299144,0.037864093720401566,-0.09267094017094016,0.01856955028079111,1.8470367521367517,6.204914848123121,-15.78601153846154,13.487017748682515,52.62733162393162,14.029127440519463,100.0,0.0
60.0,20.0,0.0,0.8222222222222221,0.28246340479561766,7.268264957264957,2.716733958029467,-0.006619658119658121,0.0045222369222130306,-0.07356666666666666,0.06993900266351567,0.8256188034188033,0.5044554123878734,41.01794871794872,2.7672779514278716,25.811538461538458,0.025904527295685778,18.6940170940171,0.4234273824850217,1641.0,0.0,167.1076923076923,20.751656682316444,0.6508717948717948,2.2753428925005,-0.012025641025641024,0.04337733155102593,-1.1227692307692305,0.04419587937224777,-0.09168376068376068,0.018074075764056268,1.1870341880341877,6.829163839972385,-17.155230769230773,14.252343220939125,52.909837606837606,14.106900459225681,100.0,0.0
61.0,20.0,0.0,0.7641452991452992,0.3678982251432833,7.400743589743592,2.705921956565565,-0.007647905982905983,0.005488259794579653,-0.1012538461538461,0.23451005068086947,0.9076778205128208,0.43394287939233994,41.033589743589744,2.7813783852610383,25.808889743589734,0.024337633787070396,18.651324786324786,0.4888583459256544,1641.0,0.0,167.13307692307694,20.74062136229113,0.510681623931624,2.338005417741545,-0.010025213675213676,0.04374589201629217,-1.11213547008547,0.04738153219628247,-0.09074273504273503,0.017311278054443078,0.7970786324786321,7.092870151159736,-18.055562820512826,14.424873659805039,52.126629487179486,14.755944765603713,100.0,0.0
62.0,20.0,0.0,0.7370940170940171,0.3664522335396344,7.553691452991454,2.7143314095591164,-0.00851675213675214,0.006983043434387176,-0.12670102564102573,0.4170359983439208,0.9293413675213676,0.405537273882466,41.026153846153846,2.789790234884313,25.80677777777777,0.02454428785434157,18.643247863247865,0.5088523305016988,1641.0,0.0,167.1769230769231,20.723690251782426,0.27699914529914504,2.4352305091668485,-0.0055598290598290545,0.04523167922836785,-1.0998145299145297,0.049355546679215274,-0.08959658119658119,0.016201963267925053,0.40533247863247823,7.298340466763689,-18.912444444444443,14.413937772095995,50.78377350427349,14.033838927797182,100.0,0.0
63.0,20.0,0.0,0.6980769230769229,0.36909671993119547,7.76333247863248,2.731257221099153,-0.010869102564102567,0.01687849932028893,-0.1489667948717948,0.4959938505368566,0.9294715384615384,0.49442287502857146,41.0,2.7625312572654126,25.803038034188027,0.02803990289250276,18.64525641025641,0.5166184949899896,1641.0,0.0,167.24692307692308,20.785497367388555,0.0175098290598286,2.5436255344169636,-3.632478632478054e-05,0.04667522554216751,-1.0827132478632477,0.05428456820063454,-0.08792820512820512,0.016512163757570208,0.09046623931623901,7.482147588492671,-19.17907863247863,14.629085257787123,47.752179059829054,15.341931137494635,100.0,0.0
64.0,20.0,0.0,0.6415384615384615,0.3789565900812285,7.95622735042735,2.730737805522003,-0.012694358974358977,0.020741910254979925,-0.20491435897435895,0.5344144078570827,0.9150717948717948,0.6024001901467156,41.0,2.7625312572654126,25.797362393162388,0.03475164616361513,18.649743589743586,0.5245323088713723,1641.0,0.0,167.28717948717951,20.812671993753423,-0.24585811965811977,2.668033952771479,0.005023931623931628,0.048527053977768776,-1.0668068376068376,0.05574845508545017,-0.08654871794871795,0.016056854116001808,-0.16647863247863232,7.598819926417658,-19.264011965811964,14.822686659235051,44.70360854700855,16.082742847200063,100.0,0.0
65.0,20.0,0.0,0.6051282051282052,0.4137910214669885,8.196594017094016,2.73245795588775,-0.015747435897435897,0.025314609103081864,-0.3543198717948717,0.8618038873601476,0.8565326923076924,0.7250234315213963,41.0,2.7625312572654126,25.794579059829054,0.03660375358591208,18.680128205128206,0.5308626137804877,1641.0,0.0,167.43333333333334,20.807736204712718,-0.5541196581196581,2.7823789075463723,0.010470085470085471,0.049289111162936064,-1.0489401709401711,0.05694028994203896,-0.08520512820512821,0.015995257499744446,-0.40144017094017076,7.717677133217195,-19.134523504273506,15.16237452908882,40.54936111111112,17.065946468454566,100.0,0.0
66.0,20.0,0.0,0.555384615384615,0.4396700087556465,8.422973504273504,2.7207392417483605,-0.020558974358974365,0.031098750253690743,-0.5769346153846154,1.178396874039709,0.7365374358974359,0.83068784728687,41.0,2.7625312572654126,25.790705982905973,0.04037457067777724,18.745641025641024,0.4209562727122176,1641.0,0.0,167.5553846153846,20.78939530349597,-0.7837119658119658,2.9210539026309115,0.014777777777777779,0.05037602600544594,-1.0330247863247866,0.05844142302362466,-0.08432564102564101,0.015104612713875436,-0.5042119658119657,7.892932892693723,-18.672260683760683,15.73137192902235,36.37360598290598,18.216125549681163,100.0,0.0
67.0,20.0,0.0,0.473333333333333,0.4103036958242243,8.704105128205128,2.6687515909719126,-0.028646282051282064,0.041886110854597335,-0.7066530769230777,1.2023646106798407,0.5353715384615382,1.0427416991424412,41.0,2.7625312572654126,25.781124358974356,0.053189004937945275,18.83,0.35141817944168113,1641.0,0.0,167.66012820512822,20.773898301499063,-1.0640371794871792,3.1336035166301075,0.019591025641025647,0.05303437424493625,-1.0157230769230767,0.05857451040538687,-0.08307435897435897,0.014872660682019314,-0.5618807692307691,8.003342554172168,-17.796139743589734,16.243983366328283,31.00003333333333,19.700675725755186,100.0,0.0
68.0,20.0,0.0,0.3333333333333333,0.4321387041785575,8.946876923076923,2.624895849809698,-0.03718205128205131,0.047545217656429974,-1.03100512820513,1.2792612833458796,0.2968841025641017,1.1637031301765608,41.0,2.7625312572654126,25.77423589743589,0.06155144825855807,18.846666666666668,0.3791495561976993,1641.0,0.0,167.69538461538463,20.760398262855862,-1.2703487179487185,3.323923265222954,0.023010256410256422,0.05541798964459388,-1.0011230769230768,0.05836250806963441,-0.08185641025641023,0.014661079784887584,-0.5559282051282051,8.076475720522133,-16.830097435897436,16.738691831478462,26.293071794871782,20.328145393102908,100.0,0.0
69.0,20.0,0.0,0.3420512820512821,0.4627274944749338,9.223982051282052,2.5813634672011894,-0.049452435897435906,0.053955756861668806,-1.469013974358975,1.4589101828501723,-0.061949743589743984,1.286423442059494,41.0,2.7625312572654126,25.76393974358974,0.07959181406226318,18.90153846153846,0.34977089088910757,1641.0,0.0,167.78935897435898,20.716791821951155,-1.4805756410256414,3.5247690059042354,0.0264474358974359,0.05773914337313023,-0.9845602564102564,0.05557298328311301,-0.08164743589743588,0.01427715763359314,-0.5076653846153845,8.153253015749973,-15.52766794871795,17.34289204261051,20.85184615384615,20.292026696516935,100.0,0.0
70.0,20.0,0.0,0.22692307692307692,0.4102063270711835,9.53736752136752,2.554976447912038,-0.06393974358974358,0.059685276870252706,-1.6517179487179487,1.3384848505663716,-0.4477666666666668,1.406685000010445,41.0,2.7625312572654126,25.736153846153844,0.09043682477704217,18.897435897435898,0.31076067918913813,1641.0,0.0,167.9102564102564,20.718283241109518,-1.5559999999999998,3.8472434266521436,0.027658119658119665,0.060614409591882024,-0.9667564102564102,0.055278241520557075,-0.08247863247863246,0.014839057612571285,-0.4252521367521365,8.207417401018994,-14.001102564102561,17.903465845353896,14.858726495726495,19.79089625072965,100.0,0.0
71.0,20.0,0.0,0.2091025641025641,0.3538879390630669,9.811286324786325,2.569606019969525,-0.07809264957264957,0.06435988545065881,-1.8382447435897433,1.338970435203338,-0.8515189743589746,1.5511249723329754,41.0,2.7625312572654126,25.710382478632475,0.1048456862404306,18.95923076923077,0.14368065128838997,1641.0,0.0,167.9930769230769,20.79053620151627,-1.5397816239316238,4.06270445257151,0.026910683760683767,0.06281836057436681,-0.9536431623931623,0.05266928356783448,-0.08347222222222223,0.01616970053524833,-0.25456538461538447,8.268984576407156,-12.001147863247862,18.528674437320078,9.450171794871796,19.730640473974315,100.0,0.0
72.0,20.0,0.0,0.056923076923076965,0.18561638207751632,10.148287179487179,2.537694460806946,-0.09604427350427354,0.06807317948268828,-1.7740323076923075,1.135988166734286,-1.314249230769231,1.643082080365377,41.0,2.7625312572654126,25.67154188034188,0.11209218551567825,18.99794871794872,0.01281025230440727,1641.0,0.0,168.02564102564102,20.815590285177546,-1.5022119658119653,4.383610091586356,0.02575042735042734,0.06783816952103451,-0.9374940170940173,0.046605851897579514,-0.08444786324786326,0.016569265910097535,-0.03551452991452917,8.274830268380997,-9.45827521367521,18.801264672513124,2.5954581196581157,18.231846448544836,100.0,0.0
73.0,20.0,0.0,0.02564102564102564,0.16012815380508716,10.429854700854703,2.483605105907518,-0.11456089743589747,0.06633428880653458,-1.9764451282051272,0.8853322044967425,-1.8395819230769235,1.5895502062796592,40.9925641025641,2.7546226391178554,25.63548717948718,0.12265906008676096,19.0,0.0,1641.0,0.0,168.02564102564102,20.815590285177546,-1.2413025641025637,4.786660961629394,0.021429914529914523,0.07376726402944714,-0.9250474358974359,0.044287932586479194,-0.08677735042735044,0.018750962738316536,0.20841324786324877,8.156068562025023,-7.351625641025637,19.137793486205656,-2.958799145299151,17.31374950803389,100.0,0.0
74.0,20.0,0.0,0.02564102564102564,0.16012815380508716,10.705735897435899,2.4555865269440296,-0.1326996581196581,0.06397217545643247,-1.9249243589743588,0.8231798935252149,-2.3716369230769234,1.5824858462810205,40.97435897435897,2.738489590297422,25.58859316239316,0.13800031235227944,19.0,0.0,1641.0,0.0,168.03076923076924,20.807262824187564,-0.7773094017094014,5.066157796865939,0.014009401709401707,0.07770216038177576,-0.9142299145299143,0.04317267843721067,-0.09012735042735044,0.021814317246869514,0.5463700854700863,8.07802841690805,-4.849482905982905,19.473867574323112,-8.592475213675216,17.327570417075126,100.0,0.0
75.0,20.0,0.0,0.02564102564102564,0.16012815380508716,11.009262820512818,2.4175673315262363,-0.1510384615384615,0.06072060525747424,-1.746336538461538,0.9153152750599637,-2.8971121794871797,1.5775722025021945,40.97435897435897,2.738489590297422,25.536153846153844,0.14888797907744325,19.0,0.0,1641.0,0.0,168.05128205128204,20.774413308517055,-0.07144230769230771,5.3309938123987735,0.0029807692307692304,0.08105016690085143,-0.9034294871794873,0.04279860074869136,-0.09503205128205129,0.023976563357127594,0.910128205128205,7.976613085474795,-2.3217948717948715,19.515969782350833,-14.952211538461539,17.271139896109396,100.0,0.0
76.0,20.0,0.0,0.005128205128205127,0.03202563076101743,11.287938461538461,2.3460449334566404,-0.1678605128205128,0.05227373064474707,-1.4585620512820514,0.8246825338120296,-3.383599999999999,1.4675979994391843,40.97435897435897,2.738489590297422,25.481789743589747,0.14629900851351585,19.0,0.0,1641.0,0.0,168.05128205128204,20.774413308517055,0.7018923076923074,5.5063487999803025,-0.00957435897435897,0.08336988197168692,-0.8933846153846156,0.0404983270509675,-0.0987897435897436,0.026023994948708745,1.1705384615384624,7.845326679207297,0.042866666666667615,19.558475324299387,-20.696384615384616,15.610671027378046,100.0,0.0
77.0,20.0,0.0,0.0,0.0,11.530183333333333,2.284157583464086,-0.18158923076923078,0.04500598348434031,-1.2417952564102561,0.6680405462826072,-3.860845256410256,1.2802167564245504,40.97435897435897,2.738489590297422,25.429114102564103,0.1454133604177726,19.0,0.0,1641.0,0.0,168.05128205128204,20.774413308517055,1.6195987179487192,5.64537207972027,-0.023602564102564123,0.08561834065438469,-0.8866179487179489,0.04054727501905628,-0.10377948717948719,0.02732431132167432,1.4467423076923085,7.6586690145747705,2.2110897435897456,19.362763925825785,-25.871699999999997,14.657897896391988,100.0,0.0
78.0,20.0,0.0,0.0,0.0,11.741646153846151,2.227754951780421,-0.1922066666666667,0.03839068701029987,-1.0502576923076923,0.6932129537445703,-4.298084615384616,1.1570458943493862,40.956923076923076,2.714380954768755,25.376205128205125,0.14945581629913504,19.0,0.0,1641.0,0.0,168.05128205128204,20.774413308517055,2.690576923076925,5.946670543805055,-0.039897435897435926,0.09001287477261966,-0.88134358974359,0.04147810960311855,-0.10929487179487182,0.0291598042437833,1.6146384615384628,7.404713315450374,3.964076923076926,19.182574595140707,-30.43633076923078,13.8757763241738,100.0,0.0
79.0,20.0,0.0,0.0,0.0,11.927011538461539,2.1594540014556536,-0.20101397435897433,0.03225687776884275,-0.8237010256410258,0.5924436168000111,-4.712758205128205,1.0527595501244684,40.95538461538462,2.7191386466594683,25.315603846153845,0.1475525117875589,19.0,0.0,1641.0,0.0,168.05128205128204,20.774413308517055,3.981853846153845,6.0766048868242954,-0.06017051282051283,0.092230179526658,-0.8783564102564103,0.04238426219142515,-0.11659487179487178,0.030378079863074656,1.7365089743589754,7.05711597594073,5.49693717948718,18.977164426668306,-34.73635128205128,13.014056028177299,100.0,0.0
80.0,20.0,0.0,0.0,0.0,12.07823076923077,2.0872959019234036,-0.20723333333333335,0.027687155803571232,-0.6241820512820513,0.501632586173856,-5.114015384615384,0.9944421275369637,40.94358974358975,2.7008570639506337,25.250974358974357,0.15248925539016417,19.0,0.0,1641.0,0.0,168.05128205128204,20.774413308517055,5.4359230769230775,6.322699067164838,-0.08335897435897435,0.09605001087138962,-0.8762820512820514,0.04476250117532515,-0.12423076923076923,0.03074381541440193,1.6899487179487183,6.551390414692289,6.679564102564104,18.64977113701098,-38.53207692307692,12.720194281006824,100.0,0.0
81.0,20.0,0.0,0.0,0.0,12.166625641025643,2.044260023818675,-0.2114907692307692,0.025041619738538374,-0.4800078205128205,0.42949781709480656,-5.393803846153847,0.8860952552227324,40.94871794871795,2.7042726227866845,25.20363076923077,0.14493892207962353,19.0,0.0,1641.0,0.0,168.05128205128204,20.774413308517055,6.70485641025641,6.256722347615817,-0.10285128205128204,0.09574584537309087,-0.875546153846154,0.045118613244797365,-0.1302448717948718,0.03108461032931305,1.5959871794871803,6.2892320252107545,7.4349858974358956,18.552259543388676,-41.157133333333334,12.25989096042421,100.0,0.0
82.0,20.0,0.0,0.0,0.0,12.251171794871794,1.9977717667637294,-0.2155146153846154,0.022358051281026716,-0.33801487179487183,0.35361071987406106,-5.702821025641025,0.7559279274987827,40.94871794871795,2.7042726227866845,25.15322307692308,0.13388852877544002,19.0,0.0,1641.0,0.0,168.05128205128204,20.774413308517055,8.10139230769231,6.045690678638909,-0.1244794871794872,0.09284075834597871,-0.875625641025641,0.04526985588172285,-0.13643076923076924,0.030569008677056832,1.4077333333333333,6.092254044592989,7.992564102564104,18.58076698862347,-43.81685384615385,11.41705912096009,100.0,0.0
83.0,20.0,0.0,0.0,0.0,12.311300000000001,1.9564795335325071,-0.2182784615384616,0.02064258485299154,-0.17734743589743573,0.30490495132839074,-6.068895897435898,0.6920989783696829,40.9374358974359,2.6920982991639946,25.089883333333333,0.1349038621298291,19.0,0.0,1641.0,0.0,168.05128205128204,20.774413308517055,9.811155128205128,5.589892483216504,-0.15194487179487184,0.08769107092730632,-0.877823076923077,0.04357550743454557,-0.1437,0.030335167189601126,1.1126653846153851,5.498914834276442,8.33598205128205,18.41415572813297,-46.42422307692308,11.119039532757874,100.0,0.0
84.0,20.0,0.0,0.0,0.0,12.3218,1.8996955141063498,-0.21898102564102565,0.020491516575206356,-0.03195572649572609,0.2902590705413856,-6.436840000000002,0.7847678492275831,40.92410256410256,2.68002819893719,25.01607521367522,0.17211998139438045,19.0,0.0,1641.0,0.0,168.05128205128204,20.774413308517055,11.358558974358976,5.2409043667064426,-0.17774017094017097,0.08315981203671462,-0.8829145299145299,0.04020987905936936,-0.14859487179487177,0.029202989451295697,0.7300051282051281,5.12896196295117,8.4663452991453,18.077834038620978,-48.20730940170941,10.870979877013376,100.0,0.0
85.0,20.0,0.0,0.010256410256410256,0.06405126152203489,12.286835470085471,1.8877653266602379,-0.21805170940170937,0.02020345131655641,0.11603931623931629,0.3516878808504681,-6.791045512820513,0.91826107466746,40.92991452991453,2.684978735710224,24.93812393162393,0.21401711010583674,19.01025641025641,0.06405126152203465,1641.0,0.0,168.05128205128204,20.774413308517055,12.708512820512823,4.790304470162984,-0.2016175213675214,0.07818285218923166,-0.8904700854700857,0.03821416204742235,-0.15058333333333332,0.02989154983372372,0.3635427350427354,4.78923034259592,8.68311965811966,17.64738286197469,-48.99851282051282,11.048493684799194,100.0,0.0
86.0,20.0,0.0,0.04974358974358983,0.21676432969674705,12.229394017094018,1.8954159925738685,-0.21678188034188034,0.02084955456625,0.2138051282051283,0.35365195926795334,-7.084120256410258,0.9840444506366977,40.9357264957265,2.6904098634164253,24.868964957264957,0.24356572007776708,19.049743589743592,0.21676432969674683,1641.0,0.0,168.05128205128204,20.774413308517055,14.0029,4.515400086662484,-0.2248358974358974,0.07469896598727555,-0.897874358974359,0.0367289840943714,-0.1523205128205128,0.0315584685397153,-0.0823170940170941,4.4507271832608515,8.864619658119656,17.221939391363797,-48.98965213675214,11.181132431045292,100.0,0.0
87.0,20.0,0.0,0.0528205128205123,0.1501919599422973,12.142957692307693,1.8891163591373408,-0.21448858974358975,0.021681436182423977,0.3348079914529914,0.3953644942421315,-7.385290769230769,1.0775209723218384,40.941538461538464,2.696318677930238,24.797235470085468,0.27554668346526345,19.05282051282051,0.15019195994229742,1641.0,0.0,168.05128205128204,20.774413308517055,14.958858974358979,4.275803579291496,-0.24289658119658128,0.07179479999775507,-0.9063017094017095,0.0370569852769996,-0.15077051282051282,0.03236357092661295,-0.43150769230769187,4.278765394757572,9.03984914529915,16.893420686016242,-48.46095811965812,11.082799117129271,100.0,0.0
88.0,20.0,0.0,0.12153846153846178,0.2841935817410982,11.983823931623933,1.8353557578232014,-0.2097822222222222,0.022587531795054384,0.44896393162393167,0.4159520183437661,-7.768815384615387,1.131355170347361,40.94735042735043,2.7027020462080715,24.6970547008547,0.30514935423668044,19.12153846153846,0.28419358174109804,1641.0,0.0,168.05128205128204,20.774413308517055,16.026041025641028,4.1249645319790895,-0.2656905982905983,0.07168545406486891,-0.920808547008547,0.03562466186805673,-0.14501025641025644,0.03292752466162435,-0.8655059829059828,4.1773731975104935,9.397673504273506,16.67447041923842,-47.001738461538466,10.728008529170792,100.0,0.0
89.0,20.0,0.0,0.08829059829059833,0.22670777722502364,11.791235897435897,1.8180148837742858,-0.20346534188034188,0.0235766195271997,0.640955854700855,0.40745856862135543,-8.291548247863247,1.0831776583188624,40.92974358974359,2.6848262583986275,24.564100854700854,0.3188070114580382,19.088290598290598,0.22670777722502355,1641.0,0.0,168.05128205128204,20.774413308517055,17.068043162393163,3.1460150479821904,-0.2893465811965812,0.05551808674513611,-0.9396918803418806,0.03449920582859871,-0.13750256410256412,0.035260910869653175,-0.9714029914529906,3.776609991905841,10.491914102564104,15.741226087624295,-44.86360042735043,10.399441087385757,100.0,0.0
90.0,20.0,0.0,0.022649572649572645,0.07670929206803206,11.565653846153847,1.8529802493971357,-0.19472393162393165,0.025594875330813394,0.8023893162393162,0.4898360287541149,-8.733879914529915,1.0559378389284981,40.94615384615385,2.699595111342104,24.45882905982906,0.326125660779221,19.022649572649577,0.07670929206803198,1641.0,0.0,168.05128205128204,20.774413308517055,17.460970085470084,3.0248640146013352,-0.30156837606837616,0.054658130992110913,-0.9559316239316238,0.035191491984742,-0.12633333333333335,0.03723279067910954,-1.0310042735042733,3.7115731533464453,11.759807692307692,16.0403171971259,-41.87654273504274,10.094845766059198,100.0,0.0
91.0,20.0,0.0,0.05021367521367536,0.15309391084906498,11.371760256410258,1.8660175770657552,-0.18735341880341877,0.026825226837354853,0.8610720085470086,0.5383303131176725,-8.92068517094017,0.995224956780159,40.95820512820512,2.711963623217911,24.423641880341876,0.3036446575418068,19.050213675213673,0.15309391084906532,1641.0,0.0,168.05128205128204,20.774413308517055,17.660732905982904,2.947111653470024,-0.3098055555555555,0.054333061340043204,-0.969531623931624,0.03503669271181766,-0.11608974358974358,0.039201240547447475,-1.0017696581196576,3.6976578505659403,12.813270512820512,16.1557136108484,-39.178610683760674,9.971614689486952,100.0,0.0
92.0,20.0,0.0,0.08700854700854722,0.24155901397995524,11.123377777777776,1.8776826151186754,-0.17843863247863245,0.026672101208491134,0.9458567521367525,0.6313605815659195,-9.038177094017096,0.9110259788655545,40.96153846153846,2.713996410870623,24.4051264957265,0.2726753590150845,19.087008547008548,0.24155901397995505,1641.0,0.0,168.05128205128204,20.774413308517055,17.816411965811966,2.8626735222820443,-0.3178358974358974,0.05299075026016712,-0.9855675213675216,0.03270497171209388,-0.10269401709401708,0.040429234162407325,-0.9903726495726497,3.6212654976373204,14.013709401709402,16.17386406601957,-35.708372649572645,9.768090260127229,100.0,0.0
93.0,20.0,0.0,0.10829059829059823,0.268007453630826,10.876059401709403,1.8749539308211494,-0.16955948717948716,0.028015655223385224,0.976260085470085,0.6614374930193903,-8.976144273504273,0.9423559695585791,40.96423076923077,2.710121996297918,24.44102264957265,0.28342691616247045,19.108290598290598,0.2680074536308262,1641.0,0.0,168.05128205128204,20.774413308517055,17.85559358974359,2.8717629841592704,-0.3225636752136753,0.05341644974526867,-0.9990534188034189,0.03167708327739891,-0.09056239316239315,0.040913774635699056,-0.8552064102564102,3.5359215618524864,15.303302136752144,16.15455781133286,-32.21966153846154,9.266778424974635,100.0,0.0
94.0,20.0,0.0,0.0653846153846151,0.20024782216893253,10.563877777777776,1.945719261622481,-0.15851743589743586,0.028114160106884212,1.0411776923076919,0.6949048774982443,-8.818540427350428,1.0573655380709666,40.98948717948718,2.7288468248057387,24.511747008547008,0.3097087172096862,19.065384615384612,0.20024782216893244,1641.0,0.0,168.05128205128204,20.774413308517055,17.886789743589745,2.916944332940035,-0.32682991452991456,0.05363111647794465,-1.0134743589743591,0.031331434677020126,-0.076717094017094,0.0403169046371391,-0.7499470085470085,3.4126071542649363,16.67193760683761,15.881186858484604,-27.8650282051282,8.654946635882457,100.0,0.0
95.0,20.0,0.0,0.06858974358974358,0.17011199375221486,10.291023504273502,1.974934441593535,-0.14874508547008547,0.027563331362722036,1.0301846153846153,0.7179374593789165,-8.444181837606838,1.3345504863007778,40.99935897435897,2.7335662506501754,24.628085470085473,0.36172981676782107,19.068589743589744,0.17011199375221492,1641.0,0.0,168.05128205128204,20.774413308517055,17.775758547008547,3.052444810627696,-0.328301282051282,0.05707466516138181,-1.0257884615384616,0.029259981341367394,-0.06441880341880342,0.03756580720609015,-0.6428333333333333,3.3064585732197114,17.674995726495727,14.919502264282922,-24.02637606837607,8.382826237450727,100.0,0.0
96.0,20.0,0.0,0.14051282051282069,0.3038173682533015,9.988926495726497,1.9315262345026272,-0.13953846153846156,0.02813970799407669,0.9191646153846148,0.751699285863444,-7.785346837606833,1.4097669683427767,41.008205128205134,2.7274229901761533,24.80731111111111,0.3465485764902901,19.140512820512825,0.30381736825330147,1641.0,0.0,168.05128205128204,20.774413308517055,17.647866666666665,3.1070462085000248,-0.329940170940171,0.058863087838742625,-1.0367794871794875,0.02646048871219107,-0.05377094017094016,0.03623636761572145,-0.5885213675213675,3.2373736079777435,18.2871452991453,14.540879651816976,-19.976569230769222,6.669102967935271,100.0,0.0
97.0,20.0,0.0,0.08871794871794893,0.20099004279054367,9.667750854700854,1.9359767051829282,-0.13055538461538463,0.03140885534251646,0.8408723076923076,0.8029997584066345,-6.963771581196581,1.3987020058334472,41.01243589743589,2.727014434513665,25.018080341880342,0.3142875532436128,19.088717948717946,0.20099004279054367,1641.0,0.0,168.05128205128204,20.774413308517055,17.512929487179488,3.232409082466242,-0.3307017094017094,0.06260161164560206,-1.0459705128205126,0.025000080836576472,-0.04450683760683761,0.03435026977897173,-0.6097098290598293,3.193189352630104,18.785838888888886,14.253229817909316,-15.787065384615383,5.401422221972678,100.0,0.0
98.0,20.0,0.0,0.09282051282051308,0.22579623695000522,9.420389743589745,1.9559806214456685,-0.1240546153846154,0.03440947428024605,0.7423848717948718,0.7829035961116722,-6.209521538461537,1.279734675793835,41.012564102564106,2.735874456519406,25.183784615384614,0.25369106423537,19.092820512820516,0.2257962369500053,1641.0,0.0,168.05128205128204,20.774413308517055,17.30628717948718,3.3092534073873803,-0.3291461538461538,0.06478230283907484,-1.054076923076923,0.020176516593861025,-0.03793589743589743,0.033008758703518354,-0.6284538461538463,3.0939016246605067,18.806397435897434,14.019173914237058,-12.895712820512816,4.709692955528803,100.0,0.0
99.0,20.0,0.0,0.12769230769230758,0.23642581498622975,9.118198717948719,1.9224569255829884,-0.11777935897435898,0.037125540350125524,0.6596857692307694,0.7690324632148764,-5.311079999999998,1.2707854919637427,41.027692307692305,2.7469518624127645,25.351669230769232,0.21352857771742043,19.127692307692307,0.23642581498622972,1641.0,0.0,168.05128205128204,20.774413308517055,17.110796153846156,3.388030572109792,-0.3278384615384615,0.06713021758761344,-1.0609987179487177,0.018213071820953098,-0.03106794871794872,0.030678673132246058,-0.7143679487179486,2.9831566032319197,18.494479487179486,13.888877724136517,-9.446143589743583,3.52160934995747,100.0,0.0
100.0,20.0,0.0,0.1794871794871795,0.38877641198447155,8.749743589743591,1.9453108088554725,-0.11000000000000003,0.0407243622934789,0.5257179487179487,0.6783863574192243,-4.181333333333333,0.9543471268864863,41.07692307692308,2.7182096989767617,25.540256410256408,0.12457268390882584,19.17948717948718,0.3887764119844716,1641.0,0.0,168.05128205128204,20.774413308517055,16.84153846153846,3.494837198573692,-0.32487179487179485,0.0696937584939243,-1.0682051282051281,0.015538033959456922,-0.02461538461538462,0.02863988329200657,-0.8328205128205131,2.9155833114291108,17.809743589743587,13.603713596541724,-5.4692307692307685,1.7260075388860554,100.0,0.0
